index,word,meaning
1,provide,"[동] 제공하다, 공급하다, 준비하다"
2,develop,"[동] 개발하다, 발달하다, 발전시키다"
3,service,"[명] 서비스, 근무, 봉사, 공공 업무"
4,inform,"[동] 알리다, 통지하다"
5,relationship,[명] 관계
6,improve,"[동] 향상시키다, 나아지다, 향상하다"
7,individual,"[형] 개인의, 개인적인[명] 개인"
8,require,"[동] 요구하다, 필요로 하다"
9,advise,"[동] 충고하다, 조언하다"
10,social,"[형] 사회의, 사교적인"
11,amount,"[명] 총액, 총계, 양[동] 총계가 ~이 되다"
12,behave,[동] 행동하다
13,employ,"[동] 고용하다, 쓰다"
14,attitude,"[명] 태도, 입장"
15,research,"[명] 연구하다, 조사하다[명] 연구, 조사"
16,audience,"[명] 청중, 관객"
17,volunteer,"[명] 지원자, 자원봉사, 자원봉사자[동] 지원하다, 자원봉사하다"
18,influence,"[명] 영향, 영향을 미치는 것[사람][동] 영향을 미치다"
19,terrible,"[형] 끔직한, 형편없는, 무서운"
20,opportunity,[명] 기회
21,ability,"[명] 능력, 재능"
22,expense,"[명] 비용, 지출"
23,local,"[형] 지역의, 장소의, 지방의"
24,involve,"[동] 관련시키다, 포함하다, 관련되다"
25,stress,"[명] 스트레스, 긴장, 강조[동] 강조하다, 압력을 주다"
26,therefore,"[부] 그러므로, 그 결과"
27,positive,"[형] 긍정적인, 낙관적인, 확신하는"
28,average,"[형] 평균의, 보통의[명] 평균, 보통 수준[동] 평균 ~이다"
29,ride,"[동] 타다[명] 타기, 태우기, 타고가기"
30,encourage,"[동] 격려하다, 권장하다, 부추기다, 촉구하다"
31,determine,"[동] 결정하다, 결심하다"
32,international,"[형] 국제의, 국제적인"
33,consume,"[동] 소비하다, 먹다[마시다]"
34,impress,"[동] 감동시키다, 깊은 인상을 주다"
35,object,"[명] 물건, 물체, 목표[동] 반대하다"
36,available,"[형] 이용할 수 있는, 쓸모있는, 시간이 있는"
37,contain,"[동] 들어있다, 포함하다, 함유하다, 억제하다"
38,recognize,"[동] 인지하다 , 인정하다, 알아보다"
39,material,"[명] 재료, 소재, 물질[형] 물질의"
40,comfort,"[명] 편안, 평안함, 위안, 위로[동] 편안하게 하다, 위로하다"
41,emotion,[명] 감정
42,amaze,[동] 놀라게 하다
43,reduce,"[동] 줄이다, 낮추다"
44,discover,"[동] 발견하다, 알아내다"
45,decide,"[동] 결정하다, 결심하다"
46,benefit,"[명] 이익, 혜택[동] 도움이 되다"
47,affect,[동] 영향을 미치다
48,level,"[명] 수준, 정도, 수평[형] 수평의"
49,chemistry,[명] 화학
50,immediate,"[형] 즉각적인, 시급한, 직접적인"
51,thus,"[부] 그러므로, 따라서"
52,proper,"[형] 적절한, 알맞은"
53,performance,"[명] 공연, 성과"
54,essence,"[명] 본질, 정수"
55,economic,"[형] 경제의, 경제학의"
56,cell,[명] 세포
57,focus,[동] 집중하다[명] 초점
58,issue,"[명] 논란거리, 쟁점, 문제"
59,participate,"[동] 참여하다, 참가하다(in)"
60,demand,"[명] 요구, 수요[동] 요구하다"
61,occur,"[동] 발생하다, 일어나다, (생각이) 떠오르다"
62,complex,"[형] 복잡한[명] 복잡체, 복합 건물"
63,define,"[동] 정의하다, 한계 짓다, 한정하다, 규정하다"
64,proud,[형] 자랑스러워하는
65,aware,"[형] 인지하는, 인식하고 있는, 알고 있는"
66,contact,"[동] 연락하다[명] 접촉, 연락"
67,profession,"[명] 직업, 직종, 전문직"
68,detail,"[명] 세부, 세부사항[동] 상술하다"
69,approach,[동] 접근하다[명] 접근
70,career,"[명] 직업, 경력"
71,package,"[명] 꾸러미, 포장, 포장된 짐[동] 포장하다"
72,disappear,[동] 사라지다
73,novel,[명] 소설
74,secure,"[형] 안전한, 안정된[동] 안전하게 하다"
75,fashion,"[명] 유행, 패션, 방식[동] 만들어 내다"
76,despite,[전] ~에도 불구하고
77,background,"[명] (그림, 사람, 사건)배경, 배경 지식"
78,solution,"[명] 해결, 해결책"
79,generate,"[동] 일으키다, 발생시키다"
80,eventually,[부] 결국
81,decrease,"[동] 줄다[감소하다], 줄이다[명] 감소"
82,recycle,[동] 재활용하다
83,desire,"[명] 욕구, 욕망[동] 바라다"
84,balance,"[명] 균형, 은행 잔고[동] 균형을 이루다"
85,negative,[형] 부정적인
86,follow,"[동] 따라가다,  (규칙을) 따르다"
87,account,"[명] 은행 계좌, 이야기, 설명[동] 설명하다"
88,publish,"[동] 발표하다, 출판하다"
89,occasion,"[명] 경우, 특별한 일"
90,replace,[동] 대체하다
91,constant,"[형] 일정한, 불변의[명] (수학에서의) 상수"
92,expert,[명] 전문가
93,term,"[명] 용어, 기간, 학기"
94,relieve,"[동] 경감하다, 안도시키다"
95,describe,"[동] 묘사하다, 표현하다"
96,biology,[명] 생물학
97,due,"[형] 만기의, ~하기로 되어 있는"
98,equipment,"[명] 장치, 장비"
99,congratulate,[동] 축하하다
100,birth,[명] 탄생
101,compose,"[동] 구성하다, 작곡하다, 작문하다"
102,genius,"[명] 천재, 천재성"
103,reflect,"[동] 반영하다, 반사하다, 숙고하다"
104,cause,"[동] ~의 원인이 되다, 야기하다[명] 원인"
105,frequent,"[형] 빈번한[동] (장소,모임에) 자주 가다"
106,factor,"[명] 요인, 요소"
107,extreme,[형] 극단의[명] 극단
108,tend,"[동] ~하는 경향이 있다, 돌보다"
109,politics,"[명] 정치, 정치학"
110,insist,[동] 주장하다
111,extend,"[동] 연장하다, 넓히다"
112,lonely,[형] 외로운
113,habitat,"[명] 서식지, 주거지"
114,mental,[형] 정신의
115,steady,"[형] 안정된, 한결같은, 꾸준한"
116,exchange,[동] 교환하다
117,active,"[형]  활동적인, 적극적인"
118,species,[명] (생물분류상의) 종
119,athletic,"[형] 운동의, 운동경기의"
120,dental,[형] 치아의
121,delight,[명] 기쁨[동] 기쁘게 하다
122,confident,[형] 자신 있는
123,gradually,"[부] 점차, 서서히"
124,shadow,[명] 그림자[동] 그늘지게 하다
125,access,"[명] 접근, 이용[동] 접근하다"
126,announce,"[동] 발표하다, 알리다"
127,allow,"[동] 허락하다, 인정하다"
128,firm,"[형] 확고한, 단단한[명] 회사"
129,vary,"[동] 바꾸다, 변하다, 다르다"
130,injure,"[동] 상처를 입히다, 손상시키다"
131,permit,[동] 허용[허락]하다
132,response,"[명] 응답, 반응"
133,threat,"[동] 위협, 협박"
134,electricity,[명] 전기
135,disabled,"[형] 장애를 가진, 무능력하게 된"
136,lack,[명] 부족[동] ~이 부족하다
137,signify,"[동] 의미하다, 중요하다"
138,concentrate,[동] 집중하다
139,emphasize,[동] 강조하다
140,astronomy,[명] 천문학
141,flood,[명] 홍수[동] 범람시키다
142,fuel,[명] 연료[동] 연료를 가하다
143,manufacture,"[동] 제조하다[명] 제조(업), 제품"
144,movement,"[명] 움직임, 운동"
145,capable,"[형] ~을 할 수 있는, 유능한"
146,combine,"[동] 결합하다, 겸비하다"
147,gene,[명] 유전자
148,increase,"[동] (수량이) 증가하다[명] 증가, 이자"
149,victim,"[명] 희생, 피해자"
150,pressure,"[명] 압력, 압박[동] 압력을 가하다"
151,accompany,"[동] 동반[동행]하다, 수반하다"
152,frustrate,[동] 좌절시키다
153,construct,[동] 건설하다
154,dwindle,"[동] 점점 줄어들다, 저하되다"
155,commerce,"[명] 상업, 교역"
156,entertain,[동] 즐겁게 하다
157,predict,"[동] 예언하다, 예측하다"
158,apologize,[동] 사과하다
159,sight,"[명] 시야, 광경, 시력"
160,quantity,[명] 양
161,conclude,"[동] 결론짓다, 끝내다"
162,donate,[동] 기부하다
163,personality,"[명] 개성, 성격, 특색"
164,struggle,"[동] 싸우다, 노력하다[명] 투쟁, 노력"
165,advantage,"[명] 유리한 점, 이점"
166,variety,"[명] 다양, 다양성"
167,enable,[동] 가능하게 하다
168,instruction,"[명] 지시, 제품 사용 설명서, 가르침"
169,assume,"[동] 추정하다, (태도 등을) 취하다"
170,attempt,[동] 시도하다[명] 시도
171,incredible,"[형] 믿을 수 없는, (믿기 어려울 만큼) 굉장한"
172,feature,"[명] 특징, 특집 기사, 얼굴 생김새[동] ~을 특징으로 하다, 주연하다"
173,confuse,"[동] 혼동하다, 혼란시키다"
174,electronic,[형] 전자의
175,absorb,"[동] 흡수하다, (사람, 마음을) 열중시키다"
176,indicate,"[동] 가리키다, 나타내다"
177,analyze,[동] 분석하다
178,stock,"[명] 재고품, 저장, 가축[동] 저장하다, (물품을) 들여놓다"
179,resident,[명] 거주자
180,labor,"[명] 노동, 산고[동] 노동하다"
181,remark,"[명] 의견, 주목[동] 의견을 말하다, ~에 주목하다"
182,moral,[형] 도덕적인
183,embarrassed,[형] 당황한
184,claim,"[동] 주장하다[명] 요구, 주장"
185,reasonable,"[형] 논리적인, 분별력 있는"
186,interrupt,"[동] 방해하다, 중단하다"
187,discount,[명] 할인[동] 할인하다
188,creature,"[명] 생물, 피조물"
189,heal,"[동] 치료하다, 낫게 하다"
190,establish,"[동] 설립하다, 확립하다, 제정하다"
191,revolution,"[명] 혁명, 갑작스러운 변화, 회전"
192,criticize,[동] 비난하다
193,convince,"[동] 확신시키다, 납득시키다"
194,efficient,"[형] 효율적인, 유능한"
195,stranger,"[명] 낯선 사람, 문외한"
196,tide,"[명] 조수, 흐름"
197,obtain,"[동] 획득하다, 통용되다, 행해지다"
198,assist,[동] 도움을 주다
199,disaster,"[명] 재앙, 재난, 재해"
200,terrific,"[형] 굉장한, 훌륭한"
201,specific,"구체적인, 특정한"
202,react,"반응하다, 반작용하다"
203,independent,독립적인
204,theory,이론
205,qualify,자격을 얻다
206,consider,"숙고하다, 고려하다"
207,recall,"상기하다, 철회하다, 회수하다; 상기, 철회"
208,risk,위험; 위험을 감수하다
209,treatment,"취급, 대우, 치료(법)"
210,engage,"관여하다, 약속하다, 약혼하다"
211,motivate,동기를 부여하다
212,clue,"실마리, 단서"
213,cancer,"암, 악성 종양"
214,elder,나이가 위인; 연장자
215,depress,"우울하게 하다, 의기소침(낙담)하게 하다"
216,fascinate,"매료시키다, 마음을 빼앗다"
217,violent,"난폭한, 폭력적인"
218,alarm,"놀람, 경보"
219,edge,"가장자리, 날카로움, 우위"
220,deserve,~을 받을 만하다(가치가 있다)
221,route,"길, 통로, 항로"
222,psychology,"심리, 심리학"
223,passion,열정
224,import,"수입하다, 의미하다; 수입"
225,purchase,구매하다; 구매
226,conscience,양심
227,pose,"자세를 취하다, (문제를) 제기하다; 자세"
228,length,길이
229,severe,"심한, 엄격한"
230,decade,"10년, 10년간"
231,occupy,"(시간, 장소를) 차지하다, 전념하다"
232,acquire,습득하다
233,interact,상호 작용하다
234,brief,간단한; 간단한 보고; 간단히 알리다
235,observe,"관찰하다, ~을 보다, 준수하다"
236,poetry,"시, 운문"
237,salary,"급료, 봉급"
238,grain,"곡물, 낟알"
239,meaningful,"의미 있는, 의미심장한"
240,weed,잡초; 잡초를 제거하다
241,survival,[명] 생존
242,comment,"[명] 논평, 주석
[동] 논평하다"
243,leap,"[동] 뛰다, 도약하다
[명] 도약"
244,survey,"[동] 둘러보다, 조사하다
[명] 설문 조사"
245,typical,"[형] 전형적인, 대표적인"
246,mere,[형] 단지 ~에 불과한
247,mechanic,[명] 기계공
248,mood,"[명] 분위기, 기분"
249,approve,"[동] 승인하다, 찬성하다"
250,rural,[형] 시골의
251,finance,"[명] 재정, 자금
[동] 자금을 조달하다"
252,seek,"[동] 찾다, 추구하다"
253,operation,"[명] 작업, 운영, 수술"
254,crime,[명] 범죄
255,awful,"[형] 끔찍한, 지독한"
256,series,"[명] 연속, 시리즈물"
257,exhausted,"[형] 고갈된, 기진맥진한"
258,absolute,"[형] 완전한, 절대적인"
259,surround,[동] 둘러싸다
260,display,"[동] 전시하다, 나타내다
[명] 전시"
261,policy,"[명] 정책, 수단"
262,mass,"[명] 덩어리, 집단"
263,committee,[명] 위원회
264,accurate,[형] 정확한
265,arrange,"[동] 정리하다, 준비하다"
266,facility,"[명] 시설, 편의"
267,consult,"[동] 상담하다, 참고하다"
268,refer,"[동] 언급하다, 위탁하다"
269,attach,"[동] 붙이다, 첨부하다"
270,recover,"[동] 회복하다, 되찾다"
271,reward,"[명] 보상
[동] 보답하다"
272,enormous,"[형] 엄청난, 거대한"
273,domestic,"[형] 국내의, 가정의"
274,wealth,"[명] 부, 재산"
275,elementary,"[형] 초보의, 기초적인"
276,gap,"[명] 격차, 틈"
277,except,"[전] ~을 제외하고
[동] 제외하다"
278,journey,[명] 여행
279,plain,"[형] 평범한, 명백한"
280,downtown,"[명] 도심
[형]도심의
[부] 도심지에서"
281,previous,"[형] 이전의, 앞의"
282,produce,"[동] 생산하다, 제조하다"
283,remain,"[동] 여전히 ~이다, 남다"
284,break,"[동] 깨다, 고장내다"
285,slight,"[형] 약간의, 경미한"
286,include,[동] 포함하다
287,delay,"[동] 연기하다, 미루다[명] 지연"
288,file,"[명] 서류철[동] 파일에 철하다, 제기하다"
289,ethic,[명] 윤리
290,instant,"[형] 즉각의, 즉석의[명] 순간"
291,reveal,"[동] 폭로하다, 드러내다"
292,breed,"[동] 낳다, 양육하다"
293,leisure,[명] 여가[형] 한가한
294,urban,[형] 도시의
295,witness,[명] 목격자[동] 목격하다
296,admit,"[동] 인정하다, 입학을 허가하다"
297,muscle,"[명] 근육, 힘"
298,device,"[명] 장치, 고안, 방책"
299,suppose,"[동] 추측하다, 가정하다"
300,owe,[동] 빚지고 있다
301,intend,"[동] ~할 작정이다, 의도하다"
302,aspect,"[명] 면, 관점"
303,potential,[형] 잠재적인[명] 잠재력
304,award,[명] 상[동] (상 등을) 수여하다
305,preserve,"[동] 보존하다, 보호하다"
306,spot,"[명] 장소, 점[동] 발견하다"
307,underground,"[형] 지하의, 비밀의[명] 지하"
308,consequence,"[명] 결과, 중요성"
309,target,[명] 목표[동] 목표로 삼다
310,unless,[접] 만약 ~이 아니면
311,accomplish,"[동] 이루다, 성취하다"
312,adopt,"[동] 입양하다, 채택하다"
313,unique,"[형] 독특한, 유일한"
314,slip,"[동] 미끄러지다, 실수하다[명] 종이 조각"
315,civilization,[명] 문명
316,row,"[명] 열, 줄[동] 배를 젓다"
317,horizon,[명] 지평선
318,atmosphere,"[명] 대기, 분위기"
319,label,"[명] 꼬리표, 상표[동] 라벨을 붙이다"
320,decorate,"[동] 장식하다, ~에게 훈장을 주다"
321,identify,"[동] ~임을 확인하다, 식별하다, 동일시하다"
322,standard,"[명] 표준, 기준
[형] 기준의, 표준의"
323,scale,"[명] 규모, 저울, 비늘"
324,evident,[형] 명백한
325,seldom,[부] 거의 ~않는
326,secretary,"[명] 비서, 장관"
327,basis,"[명] 원리, 기초"
328,automatic,"[형] 자동적인, 기계적인"
329,region,[명] 지역
330,rise,"[동] 일어나다, 오르다
[명] 상승"
331,addict,"[동] 중독시키다
[명] 중독자"
332,disappoint,[동] 실망시키다
333,artificial,"[형] 인공적인, 인조의"
334,possess,"[동] 소유하다, ~의 마음을 사로잡다"
335,substance,"[명] 물질, 본질, 실체"
336,realistic,"[형] 현실적인, 현실주의의"
337,encounter,"[동] (우연히) 만나다
[명] 마주침"
338,differ,"[동] 다르다, 의견을 달리하다"
339,principle,"[명] 원칙, 원리"
340,memorize,[동] 기억하다
341,physics,[명] 물리학
342,evaluate,[동] 평가하다
343,tremendous,"[형] 굉장한, 무시무시한"
344,application,"[명] 적용, 신청"
345,vote,"[명] 투표
[동] 투표하다"
346,spread,"[명] 퍼짐, 확산
[동] 펼치다, 퍼지다"
347,impact,"[명] 충격, 영향
[동] 충격을 주다"
348,cooperate,[동] 협력하다
349,emit,"[동] (빛, 열, 소리 등을)방출하다"
350,request,"[명] 요청
[동] 요청하다"
351,guarantee,"[동] 보장하다
[명] 보증"
352,resist,[동] 저항하다
353,fulfill,"[동] 달성하다, 이행하다"
354,stink,"[동] 역겹다, 악취를 풍기다"
355,grant,"[동] 수여하다, 승인하다"
356,rely,"[동] 의지하다, 믿다"
357,permanent,"[형] 영원한, 영구적인"
358,emergency,[명] 비상 사태
359,rid,[동] 제거하다
360,theme,"[명] 주제, 화제"
361,hesitate,"[동] 주저하다, 망설이다"
362,location,"[명] 위치, 장소"
363,restrict,"[동] 제한하다, 한정하다"
364,organism,"[명] 유기체, 생물"
365,resolve,"[동] 해결하다, 결심하다"
366,offer,"[동] 제공하다, 제안하다"
367,distribute,"[동] 분배하다, 분포시키다"
368,rainforest,[명] 열대우림
369,circumstance,"[명] 상황, 환경"
370,interpret,"[동] 해석하다, 통역하다"
371,suitable,"[형] 적절한, 적합한"
372,curve,"[명] 곡선, 속임수"
373,annoy,"[동] 괴롭히다, 귀찮게 하다"
374,frighten,[동] 겁먹게 하다
375,estimate,"[동] 평가하다[명] 견적, 평가"
376,refuse,[동] 거절하다
377,adventure,[명] 모험[동] 위험에 빠뜨리다
378,entrance,"[명] 입구, 입장"
379,persuade,[동] 설득하다
380,perceive,"[동] 인지하다, 인식하다"
381,recite,[동] 암송하다
382,gather,[동] 모으다
383,cabin,"[명] 객실, 선실, 오두막집"
384,gear,"[명] 장비,  기어[동] 맞게 조정하다"
385,ray,[명] 광선
386,release,"[동] 놓아주다, 방출하다[명] 석방, 발표"
387,rank,"[명] 지위, 계급[동] 매기다, (등급을)차지하다"
388,symphony,[명] 교향곡
389,envy,[동] 부러워하다[명] 부러움
390,corporate,"[형] 회사의, 법인의"
391,alternative,[명] 대안[형] 대안의
392,retire,[동] 은퇴하다
393,appeal,"[동] 호소하다, 관심을 끌다[명] 호소, 항의"
394,identical,"[형] 동일한, 일란성의"
395,investment,[명] 투자
396,autograph,[명] 서명[동] 서명하다
397,slave,[명] 노예
398,harm,"[명] 손해, 손상[동] 해치다"
399,authority,"[명] 권위, 당국"
400,innocence,"[명] 결백, 무죄, 순진"
401,infant,"[명] 유아, 유치원생"
402,calculate,[동] 계산하다
403,charity,[명] 자선 단체
404,receive,[동] 받다
405,whereas,"[접] 그런데, ~에 반해서"
406,board,"[명] 판자, 게시판[동] 타다"
407,ignorant,"[형] 무지한, 무식한"
408,depend,"[동] 의존하다, ~에 달려 있다"
409,pure,"[형] 순수한, 깨끗한"
410,extinct,"[형] 멸종된, 사라진"
411,household,[명] 가정[형] 가정의
412,chapter,"[명] (책의) 장, 시기, 사제단"
413,refund,[동] 환불하다[명] 환불금
414,institute,"[명] 기관, 협회"
415,lately,[부] 최근에
416,accept,[동] 받아들이다
417,ashamed,[형] 부끄러워하는
418,dense,"[형] 밀집한, (앞이 안 보이게) 짙은"
419,rescue,[동] 구출하다[명] 구출
420,continue,[동] 계속하다
421,destination,[명] 목적지
422,expand,"[동] 확장되다, 확장시키다"
423,evolution,"[명] 진화, 발전"
424,hire,[동] 고용하다
425,isolate,"[동] 고립시키다, 격리시키다"
426,gravity,[명] 중력
427,genuine,"[형] 진짜의, 진실된"
428,statue,[명] 조각상
429,compete,[동] 경쟁하다
430,military,"[형] 군의, 군사의[명] 군, 군대"
431,logic,"[명] 논리, 논리학"
432,commit,"[동] (죄 등을) 저지르다, 약속하다, 헌신하다"
433,sensible,"[형] 합리적인, 현명한"
434,sum,"[명] 금액, 합계"
435,conserve,"[동] 보존하다, 보호하다"
436,swing,"[동] 흔들다, 휘두르다"
437,marriage,"[명] 결혼, 결혼 생활"
438,reproduce,"[동] 번식하다, 재생하다, 복제하다"
439,tone,"[명] 음조, 어조, 억양 [동] 조화하다, 탄력있게 만들다"
440,concept,[명] 개념
441,invitation,[명] 초대
442,precise,"[형] 정확한, 정밀한"
443,formal,"[형] 공식적인, 격식을 차린"
444,particle,"[명] 작은 조각, 입자"
445,cancel,[동] 취소하다
446,return,"[동] 돌아가다, 돌려주다[명] 돌아감, 귀향"
447,departure,"[명] 출발, 떠남, 일탈"
448,apparent,[형] 명백한
449,visual,"[형] 눈에 보이는, 시각의"
450,agriculture,[명] 농업
451,rite,"[명] 의식, 의례"
452,poverty,[명] 가난
453,sculpture,[명] 조각상
454,descend,"[동] 내려가다, 내려오다"
455,leak,[동] 새다[명] 새는 구멍
456,portion,"[명] 부분, 1인분"
457,companion,"[명] 친구, 동료"
458,diligent,[형]근면한
459,distinct,"[형] 뚜렷한, 다른"
460,component,[명] 구성 요소[형] 구성하는
461,current,"[형] 현재의, 지금의"
462,universal,"[형] 보편적인, 전 세계의"
463,trap,[명] 덫[동] 가두다
464,eager,[형] 갈망하는
465,legal,"[형] 법률의, 합법적인"
466,demonstrate,"[동] 입증하다, 시위하다, 설명하다"
467,democracy,[명] 민주주의
468,mature,[형] 성숙한[동] 성숙하다
469,brilliant,"[형] 빛나는, 훌륭한"
470,annual,"[형] 연간의, 해마다의"
471,faith,"[명] 믿음, 신념"
472,spare,"[동] (시간, 돈을) 할애하다, (고생을) 면하게 하다[형] 여분의"
473,transfer,"[동] 이동하다, 옮기다, 환승하다[명] 이[동] 환승"
474,refrigerator,[명] 냉장고
475,oppose,[동] 반대하다
476,desperate,"[형] 절망적인, 필사적인"
477,remote,"[형] 멀리 떨어진, 원격 조정의"
478,offend,[동] 불쾌하게 하다
479,awake,[형] 깨어있는
480,aim,"[동] 목표로 하다, 겨누다[명] 목표"
481,option,"[명] 선택, 선택권"
482,insight,[명] 통찰력
483,achieve,"[동] 이루다, 성취하다"
484,civil,"[형] 시민의, 민간의"
485,pause,[동] 잠시 멈추다[명] 중단
486,prove,[동] 입증하다
487,lecture,[명] 강의[동] 강의를 하다
488,minor,"[형] 사소한, [명] 미성년자[동] 부전공하다"
489,duty,"[명] 의무, 관세"
490,vigor,[명] 활력
491,organize,"[동] 조직하다, 구성하다"
492,chief,"[명] 우두머리[형] 우두머리의, 주요한"
493,complicated,[형] 복잡한
494,digest,[동] 소화하다[명] 요약
495,shortage,"[명] 부족, 결함"
496,laboratory,[명] 실험실[형] 실험의
497,arrive,[동] 도착하다
498,generous,"[형] 관대한, 넉넉한"
499,laundry,[명] 세탁물
500,transform,"[동] 변형시키다, 변환하다"
501,discipline,"[명] 규율, 훈련[동] 훈육하다, 징계하다"
502,forbid,[동] 금지하다
503,ultimate,"[형] 궁극적인, 최후의"
504,thrive,"[동] 번영하다, 발전하다"
505,conversation,"[명] 대화, 회담"
506,bet,"[동] 돈을 걸다, 내기를 하다[명] 내기"
507,royal,"[형] 왕족의, 왕의"
508,ruin,"[동] 망치다, 파멸시키다[명] 파멸, 파산"
509,worship,"[동] 숭배하다, 예배하다[명] 숭배, 예배"
510,evil,[형] 사악한[명] 악
511,scarce,"[형] 부족한, 드문"
512,afterward,"[부] 나중에, 그 후에"
513,client,"[명] 고객, 의뢰인"
514,insure,"[동] 보험을 계약하다, 안전하게 하다"
515,fancy,[명] 공상[형] 화려한[동] 공상하다
516,surgery,[명] 외과 수술
517,assign,"[동] 할당하다, 지정하다"
518,regulate,"[동] 규제하다, 조절하다"
519,shelf,[명] 선반
520,utility,"[명] 공익사업, 유용성"
521,necessity,"[명] 필요, 필수, 필수품"
522,yield,"[동] 생산하다, 굴복하다, 양도하다[명] 수확(물)"
523,decline,"[명] 감소, 쇠퇴[동] 감소하다, 쇠퇴하다, 거절하다"
524,coincidence,"[명] 우연의 일치, 동시에 일어난 사건"
525,aside,"[부] 한쪽으로, 제쳐 두고"
526,contemporary,"[형] 현대의, 동시대의"
527,bless,"[동] 축복하다, 감사하다"
528,explain,[동] 설명하다
529,prior,"[형] 이전의, 우선하는"
530,tolerate,"[동] 참다, 용인하다"
531,measure,"[동] 측정하다[명] 측정, 수단"
532,abstract,"[형] 추상적인[명] 추상, 개요"
533,cottage,[명] 오두막집
534,correct,"[형] 올바른, 정확한[동] 바로잡다, 정정하다"
535,confirm,"[동] 확인하다, 입증하다, (결심을) 굳게 하다"
536,imitate,[동] 모방하다
537,prey,"[명] 먹이, 희생자"
538,defeat,[동] 패배시키다[명] 패배
539,illustrate,"[동] 설명하다, (분명히) 보여주다, 삽화를 넣다"
540,fuse,"[명] 퓨즈, 도화선[동] 융합하다"
541,pupil,"[명] 학생, 눈동자"
542,intellect,[명] 지성
543,spice,"[명] 향신료, 양념"
544,tempt,[동] 유혹하다 (관심을) 끌다
545,inspire,"[동] 영감을 주다, 고무시키다, 격려하다"
546,dine,"[동] 식사하다, 만찬을 대접하다"
547,literally,[부] 문자 그대로
548,appropriate,[형] 적절한
549,resort,"[명] 휴양지, 의지[동] 의지하다, 자주 가다"
550,grab,[동] 움켜쥐다[명] 움켜쥠
551,propose,"[동] 제안하다, 청혼하다"
552,wreck,"[명] 난파선, 사고[동] 난파시키다"
553,document,"[명] 문서, 서류[동] 기록하다"
554,suspect,[동] 의심하다[명] 용의자
555,alien,"[형] 외국의, 이질적인[명] 외국인, 외계인"
556,prohibit,[동] 금지하다
557,install,[동] 설치하다
558,triumph,[명] 승리[동] 승리하다
559,scholarship,"[명] 장학금, 학문"
560,execute,"[동] 실행하다, 처형하다"
561,ensure,"[동] 반드시 ~하게 하다, 보장하다, 확실하게 하다"
562,receipt,[명] 영수증
563,defect,"[명] 결점, 결함[동] (국가•당 등을) 버리다"
564,trait,"[명] 특징, 특성"
565,modest,"[형] 겸손한, 미천한, 알맞은"
566,virtual,"[형] 실제의, 가상의, 사실상의"
567,compare,"[동] 비교하다, 비유하다"
568,address,"[명] 주소, 연설, 인사말[동] 연설하다, 접근하다"
569,inner,"[형] 안쪽의, 내적인, 내부의"
570,contrary,"[형] 반대의, 불리한[명] 정반대, 반대의 것"
571,split,"[동] 나뉘다, 분열되다, 찢다, 쪼개다[명] 틈, 분열"
572,supervise,"[동] 감독하다, 관리하다, 통제하다"
573,inhabit,"[동] ~에 살다, 거주하다"
574,appear,"[동] 나타나다, ~인 것 같다"
575,commute,[동] 통근하다[명] 통근(거리)
576,earthquake,"[명] 지진, (사회•정치적) 대변동"
577,enroll,"[동] 등록하다, 입학하다"
578,debate,"[동] 논쟁하다, 토론하다[명] 논쟁, 토론"
579,abandon,"[동] 버리다, 포기하다"
580,conquer,"[동] 정복하다, 이기다, 극복하다"
581,nevertheless,[부] 그럼에도 불구하고
582,seal,"[동] 봉인하다[명] 봉인, 도장, 바다표범"
583,greed,"[명] 탐욕, 식탐"
584,contract,"[명] 계약, 계약서[동] 계약하다, 수축하다"
585,nutrition,[명] 영양
586,retail,[명] 소매[동] 소매하다[부] 소매로
587,prejudice,"[명] 편견, 선입관[동] 편견을 갖게 하다"
588,register,"[동] 등록하다, 기재하다[명] 등록부"
589,agency,"[명] 기관, 대행사, 대리점"
590,nurture,"[동] 양육하다, 양성하다, 교육하다[명] 교육, 양육"
591,priest,[명] 성직자
592,elegant,"[형] 우아한, 고상한"
593,impose,"[동] 부과하다, 강요하다"
594,arise,"[동] 발생하다, 일어나다, 생겨나다"
595,modify,"[동] 수정하다, 변형하다"
596,masterpiece,"[명] 대표작, 대작, 명작"
597,harsh,"[형] 가혹한, 거친"
598,drought,[명] 가뭄
599,criteria,"[형] 기준, 표준 (criterion의 복수형)"
600,extraordinary,"[형] 비범한, 기이한, 놀라운"
601,dim,"[형] 희미한, 어둑한
[동] 어둑하게 하다"
602,general,"[형] 일반적인, 전반적인
[명] 장군"
603,scream,"[동] 비명을 지르다
[명] 비명"
604,spill,"[동] 흘리다, 쏟다"
605,glare,"[동] 노려보다, 반짝 반짝 빛나다
[명] 노려봄, 눈부신 빛"
606,swallow,"[명] 삼킴, 제비
[동] 삼키다"
607,usual,"[형] 늘 하는, 흔히 있는"
608,routine,"[명] 틀에 박힌 일
[형] 일상적인, 지루한"
609,eliminate,"[동] 제거하다, 삭제하다"
610,deny,"[동] 부인하다, 거절하다"
611,sensitive,"[형] 민감한, 예민한"
612,tragic,[형] 비극적인
613,deprive,"[동] 빼앗다, 강탈하다"
614,conscious,"[형] 의식하는, 의식이 있는"
615,interfere,[동] 간섭하다
616,temporary,[형] 임시의
617,council,[명] 의회
618,adolescent,"[명] 청소년
[형] 청소년의"
619,arctic,[형] 북극의
620,capture,"[동] 붇잡다, 점유하다"
621,dilute,"[형] 묽은
[동] 묽게 하다, 약화시키다"
622,associate,"[동] 연상하다, 어울리다
[명] 동료"
623,figure,"[명] 숫자, 인물
[동] 이해하다, 계산하다"
624,warehouse,[명] 창고
625,crew,"[명] 승무원, (특별한 기술의)팀
[동] 승무원으로 일하다"
626,barrier,"[명] 장벽, 장애물"
627,pedestrian,"[명] 보행자
[형] 보행자의"
628,glance,"[동] 흘꿋 보다
[명] 흘끗 봄"
629,errand,[명] 심부름
630,irritate,"[동] 짜증나게 하다, 자극하다"
631,welfare,"[명] 복지, 행복"
632,cruel,"[형] 잔인한, 비참한"
633,fold,"[동] 주름
[동] 접다"
634,trial,"[명] 재판, 시험"
635,tribe,[명] 부족
636,profound,"[형] 깊은, 심오한"
637,tradition,[명] 전통
638,distinguish,[동] 구별하다
639,statement,"[명] 진술, 성명, 진술서"
640,prevail,"[동] 만연하다, 우세하다"
641,widespread,[형] 널리 퍼진
642,result,[명] 결과
643,fade,"[동] 사라지다, (색깔이) 바래다"
644,progress,"[명] 진전, 진보[동] 진보하다"
645,weapon,[명] 무기
646,drastic,"[형] 과감한, 격렬한"
647,reinforcement,"[명] 병력 증강, 강화"
648,wonder,"[동] 궁금해하다, 놀라다[명] 놀라움"
649,pile,[명] 더미[동] 쌓다
650,protect,[동] 보호하다
651,infection,[명] 감염
652,stiffen,[동] 굳어지다
653,endanger,[동] 위험에 빠뜨리다
654,adjust,"[동] 조절하다, 적응하다"
655,peer,"[명] 동료, 또래[동] 자세히 들여다보다"
656,renew,"[동] 새롭게 하다, 연장하다"
657,germ,"[명] 세균, 싹, 근원"
658,atom,[명] 원자
659,realize,"[동] 깨닫다, 실현하다"
660,enrich,[동] 부유하게 하다
661,noble,"[형] 고결한, 귀족의"
662,repair,[동] 수리하다[명] 수리
663,candidate,[명] 후보자
664,ideal,[형] 이상적인[명] 이상
665,crop,[명] 농작물
666,ethnic,[형] 민족의
667,foretell,[동] 예언하다
668,wholesale,"[형] 도매의, 대량의"
669,debt,[명] 부채
670,representative,[명] 대표자
671,shift,[동] 바꾸다[명] 변화
672,strict,"[형] 엄격한, 엄밀한"
673,appliance,[명] 가전제품
674,furthermore,"[부] 더욱이, 게다가"
675,excess,"[명] 초과, 과다"
676,command,"[동] 명령하다, 지휘하다[동] 명령, 지휘"
677,ecosystem,[명] 생태계
678,fame,[명] 명성
679,oral,[형] 입의[명] 구술시험
680,drift,"[명] 표류, 일반적인 경향[동] 떠돌다, 방황하다"
681,outstanding,"[형] 뛰어난, 눈에 띄는"
682,mislead,[동] 잘못 판단하게 하다
683,dedicate,"[동] (시간, 노력을) 바치다"
684,avoid,"[동] 피하다, 방지하다"
685,initial,"[형] 초기의, 처음의
[명] 머리글자 (이니셜)"
686,sink,[동] 가라앉다
687,beard,[명] 턱수염
688,haste,[명] 서두름
689,crush,"[동] 으스러뜨리다, 빻다"
690,confront,"[동] 맞서다, 직면하다"
691,destiny,[명] 운명
692,hardship,"[명] 고난, 고통"
693,escape,"[동] 탈출하다, 벗어나다
[명] 탈출, 도피"
694,valid,"[형] 타당한, 유효한"
695,entire,"[형] 전체의, 완전한
[명] 전부, 전체"
696,dispose,"[동] 배치하다, 처리하다"
697,optimal,[형] 최적의
698,hydrogen,[명] 수소
699,thread,"[명] 실
[동] 실을 꿰다"
700,dynasty,[명] 왕조
701,scatter,"[동] 뿌리다, 흩어지다"
702,gamble,"[동] 돈을 걸다, 도박을 하다
[명] 도박"
703,temper,"[명] 성질, 기분"
704,exist,"[동] 존재하다, 살아가다"
705,undoubtedly,"[부] 의심할 여지없이, 확실히"
706,raft,"[명] 뗏목, 비닐보트"
707,minimal,"[형] 최소의, 아주 적은"
708,soak,[동] 흠뻑 적시다
709,craft,"[명] 공예, 기술
[동] 공들여 만들다"
710,combat,"[명] 전투
[동] 싸우다"
711,cease,[동] 중단하다
712,ceiling,"[명] 천장, 최고 한도"
713,unify,"[동] 통합하다, 통일하다"
714,perspective,"[명] 견해, 관점"
715,doom,"[명] 나쁜 운명
[동] 운명 짓다"
716,bump,[동] 부딫치다
717,primary,"[형] 주된, 초기의"
718,genre,"[명] 형식, 장르"
719,erase,[동] 지우다
720,review,"[동] 복습하다, 재검토하다
[명] 복습, 검토, 비평"
721,vital,"[형] 필수적인, 중요한, 생명 유지와 관련된"
722,incident,"[명] 사건, 일어난 일[형] 일어나기 쉬운"
723,session,"[명] 시간, 회의, 기간, 학기"
724,obvious,"[형] 분명한, 명백한"
725,moderate,"[형] 온건한, 적당한"
726,budget,"[명] 예산, 예산안"
727,graze,"[동] 풀을 뜯다, 방목하다"
728,fragile,[형] 부서지기 쉬운
729,myth,"[명] 신화, 사회적 통념"
730,fur,"[명] 부드러운 털, 모피"
731,indifferent,[형] 무관심한
732,strain,"[명] 긴장, 압박[동] 잡아당기다, 긴장시키다, 혹사하다"
733,ingredient,"[명] 재료, 성분"
734,dismiss,"[동] 묵살하다, 해고하다, 해산시키다"
735,geometry,[명] 기하학
736,glacier,[명] 빙하
737,urge,"[동] 촉구하다, 강요하다"
738,celebrity,"[명] 유명 인사, 명성"
739,antique,"[형] 고대의, 옛날의, 고풍의[명] 골동품"
740,profit,"[명] 이익, 이윤[동] 이익을 얻다"
741,sphere,"[명] 구, 구체"
742,inherit,"[동] 상속받다, 물려받다"
743,disgrace,"[명] 불명예, 수치"
744,crawl,"[동] 기어가다, 서행하다[명] 기어가기, 서행"
745,scratch,"[동] 긁다, 할퀴다[명] 긁힌 자국, 찰과상"
746,diabetes,[명] 당뇨병
747,congestion,"[명] 혼잡, 밀집"
748,constitute,"[동] 구성하다, 설립하다, 제정하다"
749,flow,[명] 흐름[동] 흐르다
750,investigate,"[동] 조사하다, 수사하다"
751,barter,"[명] 물물 교환, 교역품[동] 물물 교환하다"
752,circular,"[형] 원의, 순환의"
753,chilly,"[형] 쌀쌀한, 냉담한"
754,ancestor,"[명] 조상, 선조"
755,fierce,"[형] 사나운, 맹렬한"
756,vague,"[형] 희미한, 막연한, 모호한"
757,rough,"[형] 거친, 난폭한, 대강의"
758,content,"[명] 내용, 목차[형] 만족하는"
759,obstacle,"[명] 장애물, 방해가 되는 것"
760,editorial,"[형] 편집자의[명] 사설, 논설"
761,abolish,[동] 폐지하다
762,assure,"[동] 확실하게 하다, 보증하다"
763,form,"[명] 형태, 종류[동] 형성하다"
764,gender,"[명] 성, 성별"
765,innovation,[명] 혁신
766,opponent,"[명] 상대, 반대자[형] 반대하는"
767,present,"[형] 현재의[명] 현재, 선물[동] 제출하다 나타내다"
768,fertile,"[형] 비옥한, 기름진"
769,emperor,[명] 황제
770,dwell,"[동] 거주하다, 살다"
771,chore,"[명] 허드렛일, 집안일"
772,rehearsal,"[명] 리허설, 예행연습"
773,fossil,[명] 화석
774,glitter,동사 반짝이다명사 반짝임
775,carve,"[동] 새기다, 조각하다"
776,decay,"[동] 부패하다, 쇠퇴하다[명] 부패, 쇠퇴"
777,protein,[명] 단백질
778,backward,[부] 뒤쪽으로 후방에 거꾸로
779,translate,"[동] 번역하다, 옮기다"
780,refresh,"[동] 상쾌하게 하다, 새롭게 하다"
781,tissue,[명] (생물) 조직
782,lord,[명] 군주
783,substitute,"[동] 대체하다[명] 대리자, 대체물"
784,scan,"[동] 정밀 검사하다, 유심히 쳐다보다"
785,pottery,"[명] 도자기, 도예"
786,layer,"[명] 층, 겹"
787,property,"[명] 재산, 소유물 , 부동산"
788,justify,[동] 정당화하다
789,polish,"[동] 닦다, 윤을 내다, (문장 등을)다듬다"
790,flavor,[명] 맛동사 맛을 내다
791,imprint,"[동] 찍다 감명시키다명사 찍은 자국, 인상"
792,heritage,"[명] 유산, 세습 재산"
793,strive,"[동] 노력하다, 애쓰다 , 투쟁하다"
794,radiant,"[형] 빛나는, 아주 밝은"
795,exclaim,[동] (감탄하며)외치다
796,asset,"[명] 자산, 재산"
797,portray,"[동] 묘사하다, 설명하다, 초상을 그리다"
798,administer,"[동] 관리•운영하다, 집행하다, 주다"
799,wage,[명] 급료
800,subscribe,[동] 정기 구독하다
801,architecture,"[명] 건축학, 건축 양식"
802,territory,"[명] 영토, 영역"
803,strategy,"[명] 전략, 계획"
804,hence,"[부] 그러므로, 향후"
805,panic,"[형] 당황한
[명] 공황"
806,wilderness,[명] 황무지
807,attract,"[동] 끌다, 매혹하다"
808,category,"[명] 부류, 종류"
809,murder,"[동] 죽이다
[명] 살인"
810,funeral,"[명] 장례식
[형] 장례의"
811,humiliation,"[명] 창피 줌, 굴욕"
812,ban,"[동] 금지하다
[명] 금지"
813,flush,"[동] 물로 씻어내리다, (얼굴이) 붉어지다
[명] 물로 씻어냄, 홍조"
814,omit,[동] ~을 생략하다
815,outcome,[명] 결과
816,despair,"[명] 절망
[동] 절망하다"
817,alert,"[형] 조심하는
[동] 경고하다
[명] 경계"
818,compact,"[형] 아담한, 빽빽한
[명] 계약, 협정"
819,likewise,[부] 마찬가지로
820,astonish,[동] 깜짝 놀라게 하다
821,optimistic,[형] 낙천적인
822,loyal,[형] 충성스러운
823,humid,[형] 습한
824,pretend,[동] ~인 척하다
825,graduate,"[동] 졸업하다
[명] 졸업생"
826,delicate,"[형] 연약한, 섬세한, 미묘한"
827,inflate,"[동] 부풀리다, 과장하다, (가격을) 올리다"
828,adequate,[형] 적절한
829,physician,[명] 의사
830,joint,"[명] 관절
[형] 공동의"
831,via,"[전] ~을 경유해서, ~을 매개로 하여"
832,passage,"[명] 통로, (책의) 구절"
833,prefer,[동] ~을 좋아하다
834,vessel,"[명] 선박, 용기"
835,restore,[동] 이전상태로 회복시키다
836,passive,"[형] 소극적인,수동적인"
837,experience,"[명] 경험
[동] 경험하다"
838,marble,[명] 대리석
839,classify,[동] 분류하다
840,fundamental,"[형] 근본적인, 필수의"
841,majesty,"[명] 위엄, 장엄, 왕(M-)"
842,intimate,"[형] 친밀한, 친숙한"
843,merit,"[명] 장점, 가치"
844,launch,"[동] 시작하다, 출시하다
[명] 발사, 출시"
845,conference,[명] 회의
846,reception,"[명] 접수처, 환영연회"
847,shrug,"[동] 어깨를 으쓱하다
[명] 어깨를 으쓱하기"
848,vicious,"[형] 악랄한, 타락한"
849,cherish,[동] 소중히 하다
850,accuse,"[동] 고발하다, 비난하다"
851,eternal,[형] 영원한
852,shrink,"[동] 줄어들다, 피하다"
853,colleague,[명] 동료
854,transmit,"[동] 보내다, 전염시키다, 전도하다"
855,copper,"[명] 구리
[형] 구리의, 구릿빛의"
856,orbit,"[명] 궤도
[동] 궤도를 그리며 돌다"
857,overwhelm,"[동] 압도하다, 당황하게 하다"
858,discard,"[동] 폐기하다, 버리다, 처분하다"
859,famine,"[명] 기근, 굶주림, 기아"
860,pill,[명] 알약
861,enhance,[동] 강화하다
862,immune,"[형] 면역의, 면역성이 있는"
863,superior,"[형] 뛰어난, 눈에 띄는"
864,string,"[명] 끈
[동] 끈을 달다"
865,cope,[동] 대처하다
866,raw,"[형] 날것의, 가공하지 않은"
867,apply,"[동] 지원하다, 적용되다"
868,cattle,[명] 소
869,loan,"[동] 빌려주다
[명] 대여, 융자금"
870,obedient,"[형] 유순한, 순종하는"
871,procedure,"[명] 절차, 수술"
872,bond,"[명] 유대, 속박
[동] 유대를 맺다"
873,angle,"[명] 각도, 각
[동] 비스듬히 움직이다"
874,subtle,"[형] 미묘한, 교묘한, 예민한"
875,depict,"[동] 묘사하다, 그리다"
876,radical,"[형] 근본적인, 급진적인"
877,therapy,[명] 치료법
878,caution,"[명] 조심, 경고
[동] 경고하다"
879,persist,"[동] 고집하다, 지속하다"
880,reverse,"[동] 뒤집다, 후진하다
[형] 반대의
[명] 반대, 후진"
881,support,"[명] 떠받치, 지지
[동] 지지하다, 후원하다"
882,mammal,[명] 포유동물
883,iceberg,[명] 빙산
884,monetary,[형] 화폐의
885,revise,"[동] 개정하다, 수정하다"
886,resent,"[동] 분개하다, 화를 내다"
887,superb,[형] 매우 뛰어난
888,abrupt,"[형] 갑작스런, 퉁명스러운"
889,diverse,[형] 다양한
890,internal,"[형] 내부의, 체내의"
891,gloom,"[명] 우울, 어둠"
892,refine,"[동] 개선하다, 정제하다"
893,dynamic,"[형] 역동적인, 활발한"
894,nerve,[명] 신경
895,prompt,"[형] 신속한, 즉각적인
[동] 촉발하다, 자극하다"
896,suspend,"[동] 일시 중지하다, 보류하다, 정직(정학)시키다"
897,control,"[동] 통제하다, 지배하다
[명] 통제, 지배"
898,distraction,[명] 집중을 방해하는 것
899,collapse,"[동] 무너지다, (가격이) 폭락하다"
900,monologue,[명] 독백
901,martial,"[형] 군대의, 전쟁의"
902,deliberate,"[형] 고의의, 신중한"
903,trigger,"[동] 작동시키다, 촉발시키다
[명] 방아쇠, 계기"
904,plot,"[명] 줄거리, 음모
[동] 음모를 꾸미다"
905,rod,"[명] 막대, 낚싯대"
906,Atlantic,"[명] 대서양
[형] 대서양의"
907,industry,[명] 산업
908,weird,"[형] 이상한, 괴상한"
909,suggest,"[동] 제안하다, 암시하다"
910,partial,"[형] 부분적인, 편파적인"
911,priceless,[형] 대단히 소중한
912,mutual,"[형] 상호 간의, 공동의"
913,fate,[명] 운명
914,booth,[명] 작은 공간
915,pursue,[동] 추구하다
916,prescribe,"[동] 처방하다, 규정하다"
917,erupt,[동] (화산이) 폭발하다
918,insult,"[동] 모욕하다
[명] 모욕, 모욕적인 말"
919,gaze,"[동] 응시하다
[명] 응시"
920,supreme,"[명] 최고
[형] 최고의"
921,transaction,"[명] 거래, 매매"
922,sufficient,[형] 충분한
923,stable,"[형] 안정된
[명] 마구간"
924,sympathy,"[명] 연민, 동의"
925,by-product,[명] 부산물
926,edible,[형] 먹을 수 있는
927,federal,"[형] 연방의, 연방 정부의"
928,bud,"[명] 싹, 봉오리, 친구"
929,trivial,[형] 사소한
930,anxiety,"[명] 걱정, 불안, 열망"
931,tablet,[명] 알약
932,prepare,[동] 준비하다
933,trade,"[명] 무역하다, 교환하다"
934,liquid,"[명] 액체
[형] 액체의, 유동적의"
935,contend,"[동] 싸우다, 주장하다"
936,outlook,"[명] 전망, 경치, 견해"
937,roam,"[동] 배회하다, 돌아다니다"
938,decent,"[형] 괜찮은, 예의 바른, 적절한"
939,concern,"[명] 걱정, 관심
[동] 걱정하다, 관심을 갖다"
940,behalf,"[명] 측, 편, 이익"
941,suffer,"[동] 고통 받다, 겪다"
942,distortion,"[명] 왜곡, 찌그러뜨림"
943,infinite,[형] 무한한
944,anticipate,"[동] 예상하다, 기대하다"
945,symbolic,[형] 상징적인
946,municipal,[형] 지방 자치제의
947,phenomenon,[명] 현상
948,devote,"[동] (시간, 노력)쏟다"
949,peasant,[명] 소작농
950,tenant,[명] 세입자
951,worthwhile,[형] 가치있는
952,pavement,[명] 포장도로
953,dioxide,[명] (화학)이산화물
954,diminish,"[동] 줄이다, 약화시키다"
955,jealous,"[형] 질투하는, 시기하는"
956,limp,"[형] 기운이 없는, 축 처진"
957,exclude,"[동] 제외하다, 차단하다"
958,flexible,"[형] 융통성 있는, 잘 구부러지는"
959,nominate,[동] 지명하다
960,sacred,"[형] 성스러운, 종교적인"
961,context,[명] 맥락
962,complete,[형] 완벽한[동] 완료하다
963,race,"[명] 경주, 인종[동] 경주하다"
964,dominate,[동] 지배하다
965,vehicle,[명] 탈것
966,complain,[동] 불평하다
967,brochure,[명] 브로셔
968,force,[명] 힘[동] 강요하다
969,nest,[명] 둥지
970,gain,[동] 얻다
971,curriculum,[명] 교육 과정
972,sew,[동] 바느질하다
973,masculine,[형] 남자의
974,frown,[동] 눈살을 찌푸리다[명] 찡그린 얼굴
975,astound,놀라게 하다
976,dictator,[명] 독재자
977,assessment,[명] 평가
978,crucial,"[형] 중대한, 결정적인"
979,paralysis,[명] 마비
980,deck,[명] (배의) 갑판
981,cheer,[명] 환호[동] 환호하다
982,miserable,[형] 비참한
983,tease,[동] 괴롭히다
984,aggressive,[형] 공격적인
985,cure,[동] 치료하다[명] 치료
986,attribute,[동] ~의 결과로 여기다[명] 속성
987,foster,[동] 육성하다
988,phychologist,심리학자
989,postpone,[동] 연기하다
990,rob,"[동] 강탈하다, 훔치다"
991,abuse,"[동] 남용하다, 학대하다[명] 남용, 학대"
992,unemployed,[형] 실업의
993,breakdown,"[명] 고장, 쇠약"
994,disguise,"[동] 숨기다, 변장"
995,blueprint,[명] 청사진
996,rear,[형] 뒤의[명] 뒤[동] 기르다
997,output,[명] 생산량
998,sermon,[명] 설교
999,sprout,[동] 싹이 트다. 싹
1000,tin,"[명] 주석, 양철"
1001,reform,"[동] 개혁하다[명] 개혁,"
1002,deal,[동] 다루다[명] 거래
1003,recruit,[동] 모집하다[명] 신병
1004,maintain,[동] 유지하다
1005,workshop,"[명] 작업장, 워크숍"
1006,patient,[명] 환자
1007,convention,"[명] 총회, 관습"
1008,devastate,[동] 황폐시키다
1009,reap,[동] 수확하다
1010,overlook,"[동] 간과하다, 내려다보다"
1011,deliver,"[동] 배달하다, (연설을)하다"
1012,reject,"[동] 거부하다, 거절하다"
1013,nourish,"[동] 영양분을 주다, 기르다"
1014,bay,[명] 만
1015,stun,[동] 놀라게 하다
1016,particular,[형] 특정한
1017,bulletin,[명] 게시(물)
1018,fluid,[형] 유동성의[명] 유동체
1019,affair,"[명] 일, 사건"
1020,dawn,"[명] 새벽, 시작[동] 날이 새다"
1021,hostile,[형] 적대적인
1022,characteristic,[명] 특징
1023,respect,"[동] 존경하다, (법 등을) 준수하다[명] 존경, 측면"
1024,await,[동] 기다리다
1025,concrete,[형] 구체적인
1026,lease,[동] 임대하다[명] 임대차 계약
1027,racial,[형] 인종의
1028,variable,"[형] 변수. 변하기 쉬운, 변덕스러운"
1029,satisfy,[동] 만족시키다
1030,rule,"[명] 규칙, 지배[동] 지배하다"
1031,perseverance,인내심
1032,fatal,[형] 치명적인
1033,remove,"[동] 제거하다, 치우다"
1034,invert,거꾸로 하다
1035,tension,[명] 긴장
1036,reign,"[명] 통치, 지배"
1037,crack,[명] 금이 가다[명] (갈라진 틈
1038,startle,[동] 깜짝 놀라게 하다
1039,discourage,"[동] 낙담시키다, 말리다"
1040,compensate,[동] 보상하다
1041,convert,"[동] 전환시키다, 바꾸다"
1042,strike,[동] 치다
1043,suppress,"[동] 억압하다, 참다"
1044,core,[명] 핵심(의)
1045,contribute,[동] 공헌하다
1046,spear,[명] 창
1047,renowned,[형] 명성 있는
1048,era,[명] 시대
1049,withdraw,[동] 인출하다
1050,immigrate,[동] 이주하다
1051,dignity,[명] 존엄
1052,notify,"[동] 통보하다, 알리다"
1053,animate,살아 있는
1054,prevent,"[동] 예방하다, 막다"
1055,bilingual,[형] 2개 국어의
1056,mischief,"장난, 해악"
1057,discriminate,"[동] 차별하다, 구별하다"
1058,exemplify,[동] 예시하다
1059,adhere,[동] 고수하다
1060,judge,[동] 판단하다
1061,peculiar,[형] 독특한
1062,sake,"[명] 위함, 목적"
1063,choke,[동] 질식시키다
1064,folktale,"민간 설화, 전설"
1065,simultaneously,[부] 동시에
1066,range,[명] 범위
1067,groom,신랑
1068,supernatural,[형] 초자연적인
1069,tender,[형] 부드러운
1070,instinct,[명] 본능
1071,gigantic,[형] 거대한
1072,meditate,명상하다
1073,mow,[동] (풀을) 베다
1074,evolve,"[동] 진화하다, 발전하다"
1075,chase,"[동] 추격하다, 쫓다"
1076,afflict,[동] 괴롭히다
1077,literate,읽고 쓸 수 있는
1078,coherent,"[형] 통일성 있는, 조리 있는"
1079,intolerable,참을 수 없는
1080,fountain,[명] 분수
1081,bold,"[형] 대담한, 선이 굵은"
1082,compliment,[동] 칭찬하다[명] 칭찬
1083,summit,[명] 정상
1084,troop,"[명] 무리, 군대"
1085,alter,"[동] 바꾸다, 변경하다"
1086,conceive,[동] 생각해 내다
1087,durability,내구성
1088,destroy,[동] 파괴하다
1089,shallow,"[형] 얕은, 피상적인"
1090,face,"[명] 얼굴, 표면[동] 직면하다"
1091,promote,[동] 승진시키다
1092,weep,[동] 울다
1093,grasp,[동] 붙잡다
1094,overall,"[형] 전반적인, 전체의"
1095,superstition,[명] 미신
1096,colony,[명] 식민지
1097,absurd,"[형] 불합리한, 우스꽝스러운"
1098,dormitory,[명] 기숙사
1099,conduct,[동] 수행하다[명] 행위
1100,prone,[형] ~하는 경향이 있는
1101,conceal,[동] 숨기다
1102,retreat,[동] 후퇴하다[명] 후퇴
1103,compulsive,"강제적인, 강박의"
1104,clinic,"[명] 전문 병원, 개인 병원"
1105,banner,[명] 현수막
1106,formulate,"[동] 만들어내다, 공식화하다"
1107,vow,[명] 맹세(하다)
1108,malnutrition,영양실조
1109,relate,[동] 관련시키다
1110,undergo,[동] 겪다
1111,boast,[동] 자랑하다
1112,neutral,[형] 중립의
1113,stain,[명] 얼룩
1114,incentive,"[명] 장려책, 자극"
1115,float,"[동] 뜨다, 떠다니다"
1116,tendency,[명] 경향
1117,applause,[명] 박수갈채
1118,wrestle,"[동] 싸우다, 씨름하다"
1119,sensation,"[명] 감각, 느낌"
1120,Confucian,"공자의, 유교의"
1121,diameter,[명] 지름
1122,ultrasound,[명] 초음파
1123,propriety,"[명] 적절성, 예의바름"
1124,anecdote,[명] 일화
1125,shrub,[명] 관목
1126,pledge,"[명] 서약, 담보
[동] 서약하다"
1127,cost,"[명] 가격, 비용
[동] (가격, 비용이) 들다"
1128,geology,[명] 지질학
1129,detect,"[동] 찾아내다, 감지하다"
1130,temperate,"[형] 절제하는, (기후가) 온화한"
1131,soar,"[동] 급등하다, 날아오르다"
1132,mock,"[동] 놀리다, 조롱하다
[형] 가짜의, 모조의"
1133,disclose,"[동] 폭로하다, 드러내다"
1134,exhibit,"[동] 전시하다
[명] 전시품"
1135,symptom,"[명] 증상, 증후"
1136,manage,"[동] 경영하다, 관리하다, 간신히 해내다"
1137,awkward,"[형] 어색한, 서투른, 다루기 힘든"
1138,grind,[동] 갈다
1139,expose,"[동] 노출시키다, 폭로하다"
1140,closet,[명] 벽장
1141,damp,[형] 축축한
1142,script,[명] 대본
1143,possibility,"[명] 가능성, 기회"
1144,fad,[명] (일시적인) 유행
1145,sibling,"[명] 형제, 자매"
1146,linger,"[동] 남아 있다, 어슬렁거리다"
1147,flourish,"[동] 번성하다, 건강하다"
1148,discharge,"[동] 해고하다, 방출하다, 방면하다
[명] 해고, 방출, 면제"
1149,thorough,[형] 철저한
1150,undertake,"[동] 착수하다, 약속하다"
1151,cord,"[명] 끈, 전기코드, (직물)코르덴 천
[형] 코르덴 천으로 만들어진"
1152,linguistic,"[형] 언어의, 언어학의"
1153,remedy,[명] 치료
1154,sole,"[형] 유일한, 단독의"
1155,sophomore,"[명] (고교, 대학의) 2학년생"
1156,panel,[명] 판
1157,suitor,"[명] 소송인, 구혼자"
1158,pillar,[명] 기둥
1159,explode,[동] 폭발하다
1160,illusion,"[명] 착각, 환각"
1161,draft,"[명] 초고, 초안
[동] 초안을 그리다"
1162,crude,"[형] 조잡한, 있는 그대로의"
1163,supplement,"[동] 보완하다
[명] 보완, 보충"
1164,velocity,[명] 속도
1165,tame,"[동] 길들이다
[형] 길들여진"
1166,molecule,[명] 분자
1167,reed,"[명] 갈대
[형] 갈대의"
1168,dismay,"[명] 실망
[동] 크게 실망시키다"
1169,diagnose,[동] 진단하다
1170,versus,[전] ~와 대비하여
1171,reservoir,[명] 저수지
1172,conform,"[동] 따르다, 순응하다"
1173,spacious,"[형] 넓은, 훤히 트인"
1174,weave,"[동] (천을) 짜다
[명] 짜기"
1175,ceremony,"[명] 의식, 식"
1176,motive,"[명] 동기, 이유"
1177,prominent,[형] 두드러진
1178,archaeology,[명] 고고학
1179,rigid,"[형] 엄격한, 굳은"
1180,inferior,"[형] 열등한, 질 낮은"
1181,subtract,[동] 빼다
1182,impulse,"[명] 충동, 욕구, 추진력"
1183,utmost,"[형] 최대한의 
[명] 최대한도"
1184,proficient,[형] 숙달된
1185,accumulate,"[동] 모으다, 축적하다"
1186,navigate,"[동] 길을 찾다, 항해하다"
1187,equity,"[명] 자기자본, 공평"
1188,violate,"[동] 위반하다, 침해하다"
1189,ambitious,[형] 야망을 가진
1190,intact,"[형] 온전한, 손상되지 않은"
1191,plea,"[명] 애원, 탄원"
1192,attend,"[동] 참석하다, 유의하다, 돌보다"
1193,trim,"[동] 다듬다
[형] 잘 정돈된
[명] 정돈"
1194,embody,"[동] 구체화하다, 포함하다"
1195,characteristic,"[명] 특징, 특성
[형] 특유의"
1196,consist,[동] ~로 구성되다
1197,boundary,"[명] 경계, 한계"
1198,attack,"[동] 공격하다
[명] 공격"
1199,confine,"[동] 제한하다, 가두다"
1200,dispatch,"[명] 급파, 발송
[동] 파견하다, 발송하다"
1201,regret,[동] 후회하다[명] 후회
1202,coffin,[명] 관
1203,divine,[형] 신성한
1204,revenue,[명] 수익
1205,corrupt,"[형] 부패한, 타락한[동] 부패하다, 타락하다"
1206,probe,"[동] 조사하다, 연구하다[명] 조사"
1207,factual,[형] 실제의
1208,swamp,"[명] 늪, 습지"
1209,expedition,[명] 탐험
1210,abnormal,"[형] 이상한, 비정상의"
1211,storage,"[명] 저장소, 저장"
1212,revive,[동] 되살아나다
1213,stool,[명] (등받이 없는) 의자
1214,hinder,[동] 방해하다
1215,flattery,[명] 아첨
1216,virtue,[명] 미덕
1217,deadline,"[명] 기한, 마감시간"
1218,equator,n.적도
1219,cognitive,[형] 인식의
1220,motion,"[명] 운동, 동작[동] 동작을 해 보이다"
1221,humble,"[형] 겸손한, 비천한"
1222,bounce,"[동] 튀어 오르다, 깡충깡충 뛰다, (공이) 튀다"
1223,imprison,[동] 투옥하다
1224,enlist,[동]모집하다
1225,hygiene,"[명] 위생, 위생학"
1226,upcoming,[형] 다가오는
1227,trace,"[명] 자취, 흔적[동] 추적하다, 밝혀내다"
1228,pulse,[명] 맥박
1229,controversy,"[명] 논쟁, 언쟁, 논란"
1230,locate,"[동] (장소를) 찾아내다, -에 위치하다"
1231,patent,[명] 특허[형] 특허를 받은[동] 특허권을 얻다
1232,lyric,n.가사
1233,convenience,"[명] 편의, 편리, 편의시설"
1234,rush,"[동] 돌진하다, 급하게 가다[명] 돌진, 혼잡"
1235,carbon,[명] 탄소
1236,contaminate,"[동] 오염시키다, 더럽히다"
1237,external,[형] 외부의
1238,herd,"[명] 떼, 무리[동] 떼를 짓다"
1239,allocate,"[동] 할당하다, 배분하다"
1240,gorgeous,"[형] 아주 멋진, 화려한"
1241,confess,[동] 고백하다
1242,subjective,[형] 주관적인
1243,hell,[명] 지옥
1244,acknowledge,[동] 인정하다
1245,accord,"[동] 일치하다, 조화하다[명] 일치, 합의"
1246,immense,[형] 엄청난
1247,extract,"[동] 추출하다, [명] 추출물"
1248,sewage,"[명] 하수, 오물"
1249,reconciliation,[명] 화해
1250,amid,[전] ~의 한가운데
1251,warrant,"[명] 보증서, 영장, 정당한 이유"
1252,complement,[동] 보완하다
1253,ceramic,"[명] 도자기, 요업"
1254,license,"[명] 면허, 인가[동] 면허를 주다, 허가하다"
1255,emerge,[동] 나타나다
1256,halt,"[동] 정지시키다[명] 정지, 멈춤"
1257,ivory,"[명] 상아, 상아색"
1258,ponder,"[동] 곰곰이 생각하다, 심사숙고하다"
1259,lottery,"[명] 복권, 추첨"
1260,stroke,"[명] 타격, 뇌졸증"
1261,burglar,[명] 강도
1262,blame,"[동] 비난하다, ~을 탓하다[명] 비난"
1263,transplant,[동]  이식하다
1264,cluster,[명] 무리
1265,borrow,[동] 빌리다
1266,derive,"[동] 끌어내다, ~에서 비롯되다"
1267,plague,[명] 전염병[동] 괴롭히다
1268,certificate,[명] 증명서
1269,deluxe,호화로운
1270,convey,"[동] 나르다,전달하다, (생각, 감정을) 전하다"
1271,depth,[명] 깊이
1272,evaporate,[동] 증발하다
1273,lame,"[형] 절름발이의, 설득력이 없는"
1274,conduct,"[동] 실시하다, 수행하다, 행동하다[명] 행위"
1275,sour,[형] (맛이)신
1276,repetitive,[형] 반복성의
1277,oppress,n.억압하다
1278,leftover,"[명] 남은 음식, 잔재"
1279,embrace,"[동] 포옹하다, 껴안다, 수용하다"
1280,blade,[명] 칼날
1281,abundant,[형] 풍부한
1282,duplicate,[형] 똑같은[동] 복사하다[명] 사본
1283,remind,"[동] 상기시키다, 생각나게 하다"
1284,altitude,[명] 고도
1285,glimpse,[동] 흘끗 보다[명] 흘끗 봄
1286,blend,[동] 섞다
1287,swell,"[동] 부풀다,[명] 팽창"
1288,grief,"[명] 비탄, 큰 슬픔"
1289,beverage,[명] 음료수
1290,warrior,"[명] 전사, 용사"
1291,earn,"[동] (평판을) 얻다, 벌다"
1292,slice,[명] (얇게 썬)조각[동] 얇게 썰다
1293,exotic,[형] 이국적인
1294,arrogant,"[형] 거만한, 건방진"
1295,vanish,[동] 사라지다
1296,rational,"[형] 이성적인, 합리적인"
1297,predominant,"[형] 우세한, 두드러진"
1298,cozy,"[형] 안락한, 아늑한"
1299,broker,"[명] 중개인, 브로커[동] 중개하다"
1300,auction,[명] 경매[동] 경매로 팔다
1301,obsess,"v.사로잡다, 강박 관념을 갖다"
1302,feed,"[동] ~에 밥을 주다, ~에 먹이를 주다"
1303,outbreak,"[명] (전쟁, 사고등의) 발발"
1304,invent,[동] 발명하다
1305,pioneer,[명] 개척자[동] 개척하다
1306,assert,[동] 주장하다
1307,undo,"[동] (잠긴 것을) 풀다, 원상태로 돌리다"
1308,bouquet,[명] 꽃다발
1309,elaborate,[형] 정교한
1310,toss,[동] 던지다[명] 던지기
1311,retain,[동] 보유하다
1312,radioactive,[형] 방사능의
1313,buildup,[명] 축적
1314,machinery,[명] 기계
1315,passerby,통행인
1316,auditorium,[명] 강당
1317,lay,"[동] 놓다, (알을) 낳다"
1318,neglect,[동] 무시하다[명] 소홀
1319,feedback,[명] 피드백
1320,promote,"[동] 증진하다, 승진시키다"
1321,impair,[동] 손상시키다
1322,metaphor,[명] 은유
1323,dispense,"[동] 분배하다, 나누어 주다"
1324,bruise,"[명] 멍, 타박상"
1325,attorney,"[명] 변호사, 대리인"
1326,framework,"[명] 뼈대, 틀, 체제"
1327,heredity,n.유전
1328,naive,[형] 순진한
1329,shed,"v.떨구다, 흘리다"
1330,metropolitan,[형] 대도시의
1331,shield,[명] 방패[동] 보호하다
1332,induce,"[동] 유도하다, 설득하여 ~시키다"
1333,bazaar,"시장, 바자"
1334,expel,[동] 추방하다
1335,plow,[명] 쟁기[동] 갈다
1336,prolong,[동] 연장하다
1337,fluent,유창한
1338,margin,[명] 가장자리
1339,ecology,"[명] 생태학, 생태"
1340,interior,[명] 내부[형] 내부의
1341,ornament,[명] 장식[동] 장식하다
1342,separate,[동] 분리하다
1343,ripe,[형] 익은
1344,vibrate,"[동] 진동하다, 흔들다"
1345,urgent,[형] 긴급한
1346,speculate,"[동] 사색하다 ,투기하다"
1347,epidemic,[명] 전염병
1348,precede,[동] ~에 앞서다
1349,breathtaking,숨막히는
1350,portfolio,[명] 포트폴리오
1351,beware,[동] 주의하다
1352,handcuff,[n] 수갑
1353,overturn,[동] 전복시키다[명] 전복
1354,pregnant,[형] 임신한
1355,intelligence,[명] 지능
1356,adapt,[동] 적응시키다
1357,settle,[동] 정착하다
1358,assassinate,[동] 암살하다
1359,vapor,[명] 증기
1360,tuition,[명] 수업료
1361,literature,[명] 문학
1362,loop,[명] 고리[동] 고리로 만들다
1363,quote,[동] 인용하다[명] 인용구
1364,inhale,"[동] 들이쉬다, 흡입하다"
1365,prospect,"[명] 전망, 가능성"
1366,anchor,"[명] 닻,앵커"
1367,reference,"[명] 참고, 언급"
1368,compound,[동] 혼합하다[명] 혼합물[형] 합성의
1369,withstand,"[동] 견디다, 버티다"
1370,implement,[동] 실행하다[명] 도구
1371,anonymous,[형] 익명의
1372,collide,"[동] 충돌하다, 일치하지 않다"
1373,memorial,[명] 기념물
1374,vacant,"[형] 비어 있는, 빈자리의"
1375,technical,[형] 기술의
1376,summon,[동] 소환하다
1377,orchard,[명] 과수원
1378,proportion,"[명] 비율, 부분"
1379,antibiotic,[명] 항생 물질
1380,overtake,[동] 따라잡다
1381,resemble,[동] ~와 닮다
1382,wander,"[동] (정처없이) 돌아다니다, 헤매다"
1383,compassion,[명] 동정
1384,preoccupation,"[명] 몰두, 집착"
1385,paste,[동] 풀로 붙이다[명] 풀
1386,provoke,"[동] 선동하다, 자극하다"
1387,wicked,"[형] 사악한, 심술궂은"
1388,sprain,발목을 삐다
1389,propaganda,[명] 선전
1390,consistent,[형] 일관된
1391,disrupt,[동] 붕과시키다
1392,solitary,"[형] 혼자의, 고립된"
1393,bury,[동] (땅에)묻다
1394,rust,"[명] 녹[동] 녹이 슬다, 부식하다"
1395,discuss,[동] 토론하다
1396,referee,[명] 심판
1397,sector,"[명] 분야, 지역"
1398,boost,[동] 밀어올리다[명] 상승
1399,gymnastics,[명] 체조
1400,gross,[형] 총합의[명] 총합
1401,last,"[형] 마지막, 지난"
1402,tariff,"[명] 관세, 운임표"
1403,beloved,"[형] 총애받는, 사랑하는"
1404,lyric,[명] 가사
1405,yeast,"[명] 이스트, 효모"
1406,skyscraper,[명] 고층건물
1407,inquire,[동] 묻다
1408,spade,"[명] 삽, 스페이드"
1409,vacuum,"[명] 진공, 공백"
1410,migrate,"[동] 이주하다, 이동하다"
1411,spectacle,"[명] 구경거리, 장관"
1412,surplus,"[명] 여분, 나머지
[형] 나머지의"
1413,simulate,"[동] 흉내내다, ~의 모의 실험을 하다"
1414,integration,[명] 통합
1415,hypothesis,"[명] 가설, 가정"
1416,affirm,[동] 단언하다
1417,fortress,[명] 요새
1418,reed,[명] 갈대
1419,cue,"[명] 신호, 단서
[동] 신호를 주다"
1420,mole,"[명] 반점, 두더지"
1421,divide,[동] 나누다
1422,inborn,타고난
1423,overlap,"[동] 겹치다, 중복되다"
1424,fatique,[명] 피곤
1425,clone,"[명] 복제, 복제품
[동] 복제하다"
1426,peel,[동] 껍질을 벗기다
1427,ease,"[명] 쉬움, 편안함
[동] 편하게 하다, 완화하다"
1428,overcome,[동] 극복하다
1429,fund,[명] 자금
1430,bias,"[명] 편견, 선입견"
1431,vaccine,[명] 백신
1432,tread,"[동] 밟다
[명] 밟기"
1433,vomit,"[동] 구토하다
[명] 구토"
1434,prophecy,[명] 예언
1435,correspond,"[동] 일치하다, 해당하다, 편지를 주고받다"
1436,cling,"[동] 꼭 붙잡다, 달라붙다"
1437,mutation,"[명] 돌연변이, 변형"
1438,obscure,"[형] 모호한, 잘 알려지지 않은
[동] 모호하게 하다"
1439,tyrant,[명] 폭군
1440,odd,"[형] 이상한, 홀수의"
1441,intriguing,[형] 아주 흥미로운
1442,restrain,"[동] 억제하다, 제지하다"
1443,bundle,[명] 묶음
1444,enclose,"[동] 동봉하다, 둘러싸다"
1445,insert,"[동] 삽입하다, 덧붙이다"
1446,keen,"[형] 예민한, ~을열망하는"
1447,constrict,[동] 수축시키다
1448,aid,"[명] 도움, 지원"
1449,reputation,[명] 명성
1450,measurement,[명] 측정
1451,originate,[동] 유래하다
1452,flour,[명] 밀가루
1453,manipulate,"[동] 조작하다, 잘 다루다"
1454,experiment,"[명] 실험
[동] 실험하다"
1455,patriot,[명] 애국자
1456,interchange,[동] 교환하다
1457,intuitive,"[형] 직감에 의한, 직관력 있는"
1458,garment,[명] 의류
1459,spontaneous,"[형] 자발적인, 즉흥적인"
1460,vertical,"[형] 수직의, 세로의
[명] 수직선"
1461,testify,"[동] 증언하다, 증명하다"
1462,mentor,[명] 조언자
1463,vivid,"[형] 생생한, 선명한"
1464,pasture,[명] 초원
1465,crust,"[명] (빵, 파이의)껍질, 딱딱한 표면"
1466,comprehend,"[동] 이해하다, 파악하다"
1467,plunge,"[동] 뛰어들다, 급락하다"
1468,nasty,"[형] 더러운, 비열한"
1469,appreciate,"[동] 진가를 알아보다, 고맙게 여기다, 감상하다"
1470,emigrate,[동] 이민을 가다
1471,deed,"[명] 행동, 공적"
1472,skinny,"[형] 깡마른, 옷이 몸에 딱 붙는"
1473,grill,"[명] 그릴, 석쇠
[동] 그릴에 굽다"
1474,canal,"[명] 운하, 수로"
1475,curse,[명] 저주
1476,adverse,"[형] 불리한, 반대의"
1477,censorship,[명] 검열관
1478,forehead,[명] 이마
1479,appetite,"[명] 식욕, 욕망"
1480,flaw,"[명] 결함, 결점"
1481,outgoing,"[형] 외향적인, 사교적인"
1482,verbal,"[형] 말의, 구두의"
1483,liberate,[동] 해방시키다
1484,segregation,"[명] 인종 차별, 차별정책, 분리"
1485,advance,"[명] 전진하다, 진보하다[명] 발전, 전진, 진보"
1486,contemplate,"[동] ~을 숙고하다, 심사숙고하다, 고려하다, 응시하다"
1487,underlying,"[형] 기초를 이루는, 근본적인, 밑에 있는"
1488,academic,"[형] 학문적인, 학구적인"
1489,stem,"[명] 줄기[동] 생기다, 일어나다"
1490, irrigation,[명] 관개
1491,consecutive,"[형] 연이은, 연속적인"
1492,superficial,"[형] 표면상의, 피상적인"
1493,refuge,"[명] 피난처, 도피처, 보호구역"
1494,swear,"[동] 맹세하다, 욕을 하다"
1495,allergy,[명] 알레르기
1496,norm,"[명] 표준, 규범"
1497,endeavor,"[동] 노력하다, 시도하다[명] 노력, 시도"
1498,erect,[형] 똑바로 선[동] 세우다
1499,feminine,"[형] 여성의, 여성스러운"
1500,drowsy,[형] 졸리는
1501,inspect,"[동] 점검하다, 시찰하다"
1502,carriage,"[명] 객차, 마차, 운반"
1503,primitive,[형] 원시의
1504,compress,"[동] 압축하다, 압박하다"
1505,govern,"[동] 통치하다, 좌우하다"
1506,cemetery,[명] 공동묘지
1507,shatter,[동] 산산이 부서지다
1508,exaggerate,[동] 과장하다
1509,random,[형] 무작위의
1510,feast,"[명] 잔치, 축제[동] 즐겁게 하다"
1511,commemorate,[동] 기념하다
1512,steep,"[형] 가파른, 비탈진[동] 몰두시키다, (액체에) 담그다"
1513,multitask,[동] 다중작업을 하다
1514,toxic,"[형] 유독한, 유독성의"
1515,stare,[동] 응시하다
1516,chronic,[형] 만성적인
1517,designate,"[동] 지명하다, 지정하다"
1518,dramatic,"[형] 극적인, 급격한, 감격적인"
1519,intense,"[형] 강렬한, 극심한, 치열한"
1520,propaganda,"[명] 선전 활동, 과장된 선전"
1521,numerous,"[형] 다수의, 많은"
1522,shiver,[동] 몸을 떨다떨림
1523,retarded,(정서•지능•학력) 발달이 뒤진
1524,ongoing,[형] 진행 중인진행
1525,mention,[동] 언급하다[명] 언급
1526,executive,"[명] 임원[형] 행정의, 관리의"
1527,chaos,"[명] 혼돈, 혼란"
1528,microscope,[명] 현미경
1529,belonging,"[명] 소유물, 부속물"
1530,vulnerable,"[형] 상처받기 쉬운, 취약한"
1531,implication,"[명] 암시, 영향"
1532,appetite,"[명] 식욕, 욕망"
1533,authentic,"[형] 진정한, 진짜의"
1534,compel,"[동] 강요하다, ~ 하게 만들다"
1535,transition,"[명] 변화, 전환"
1536,index,"[명] (책 등의) 색인, 지표"
1537,incline,"[동] ~쪽으로 기울다, 경사지다, 내키게 하다"
1538,attain,"[동] 이루다, 달성하다"
1539,innate,[형] 타고난
1540,ingenuity,"[명] 기발한 재주, 독창성"
1541,record,"[명] 기록, 증언[동] 기록하다, 녹음하다"
1542,bias,"[명] 편견, 선입견"
1543,seize,"[동] 붙잡다, 파악하다"
1544,screw,[명] 나사나사로 고정하다
1545,savage,"[형] 야만적인, 잔인한[동] 무참히 공격하다야만인"
1546,province,"[명] 지역, 지방"
1547,coordinate,"[동] 조직하다, 조정하다[형] 동등한"
1548,deficient,"부족한, 불완전한"
1549,privilege,[명] 특권[동] 특권을 주다
1550,preview,"[명] 시사회, 시연, 미리보기"
1551,equivalent,"[형] 동등한, ~에 상당하는[명] 동등한 것"
1552,loom,[동] 어렴풋이 나타나다 베틀
1553,purple,[명] 자주색의
1554,outlaw,"[명] 범법자, 도망자금지하다, 법적으로 무효화하다"
1555,squeeze,[동] (즙 등을) 짜내다
1556,breakthrough,"[명] 돌파구, 비약적 발전"
1557,consent,"[동] 동의하다, 허락하다[명] 동의, 허락"
1558,orphan,[명] 고아
1559,negotiate,[동] 협상하다
1560,nuisance,"[명] 골칫거리, 방해, 귀찮은 사람"
1561,recipe,[명] 요리법
1562,deceive,"[동] 속이다, 기만하다"
1563,sweep,"[동] 쓸다, 휩쓸다"
1564,profile,"[명] 옆모습, 윤곽, 인물 소개"
1565,enterprise,"[명] 기업, 사업"
1566,successive,[형] 연속적인
1567,paradox,"[명] 역설, 모순되는 말"
1568,surpass,[동] 능가하다
1569,correlation,"[명] 상관 관계, 연관성"
1570,magnitude,"[명] 중대성, 거대함"
1571,aesthetic,"[형] 미의, 미학의"
1572,earnest,"[형] 성실한, 진심어린"
1573,tremble,"[동] 떨다, 흔들리다"
1574,slaughter,"[동] 도살하다, 학살하다"
1575,surrender,"[동] 항복하다, 양도하다[명] 항복, 양도"
1576,philosophy,"[명] 철학, 인생관"
1577,deplete,[동] 고갈시키다
1578,admire,[동] 존경하다
1579,deform,"불구로 만들다, <물리> 변형시키다"
1580,thrill,"[동] 오싹하다 [명] 오싹함, 떨림"
1581,afford,[동] ~할 여유가 있다
1582,blunt,"[형] 무뚝뚝한, 직설적인"
1583,sprint,[동] 전력 질주하다
1584,aid,"[명] 도움, 지원"
1585,tense,[형] 긴장한[명] (문법) 시제긴장시키다
1586,amplify,"[동] 증폭시키다, 확대하다"
1587,timber,[명] 목재
1588,collaborate,[동] 협력하다
1589,stance,"[명] 태도, 자세"
1590,blow,"[동] (입으로) 불다, (바람이) 불다"
1591,ballot,[명] 투표투표하다
1592,division,"[명] 분할, 분열, 나눗셈"
1593,acquaintance,[명] 아는 사람
1594,boil,"[동] 끓다, 삶다"
1595,contradict,"[동] 모순되다, 반박하다, 부정하다"
1596,burst,"[동] 터지다, 갑자기 나타나다[명] 파열, 폭발"
1597,cast,"[동] 던지다, 배역을 정하다, (빛을) 발하다[명] 출연자, 깁스"
1598,falsify,잘못을 입증하다
1599,psychic,"[형] 초자연적인, 마음의"
1600,paddle,[명] 노[동] 노를 저어 나아가다
1601,steer,[동] 조종하다
1602,affection,"[명] 애착, 애정"
1603,bid,말하다
1604,compost,"[명] 퇴비, 두엄
[동] 퇴비를 만들다, 두엄을 끼얹다"
1605,temperament,[명] 기질
1606,rent,"[명] 임대료
[동] 임대하다"
1607,shred,[동] 조각조각으로 찢다
1608,unpredictable,[형] 예측할 수 없는
1609,tribute,경의의 표시
1610,artery,[명] 동맥
1611,inherent,[형] 내재하는
1612,harass,[동] 희롱하다
1613,narrative,"[형] 서술의, 이야기로 이루어진
[명] 이야기"
1614,assemble,"[동] 모으다, 조립하다"
1615,spike,"[명] 못, 뾰족한것"
1616,sneak,[동] 몰래 들어가다
1617,sophisticated,"[형] 세련된, 정교한"
1618,handle,"[동] 처리하다, 다루다"
1619,enlightenment,깨달음
1620,cosmetic,"[명] 화장품
[형] 허울뿐인, 표면적인"
1621,gracious,[형] 상냥한
1622,aspire,[동] 열망하다
1623,obstruct,"[동] 방해하다, 가로막다"
1624,patrol,"순찰, 순찰병"
1625,accelerate,"[동] 가속하다, 촉진하다"
1626,heatstroke,일사병
1627,oval,"[형] 타원형의
[명] 타원형"
1628,veteran,"[명] 베테랑, 참전용사"
1629,trail,"[명] 흔적, 오솔길
[동] 끌다, 추적하다"
1630,vocation,"[명] 천직, 직업"
1631,vegetarian,[명] 채식주의자
1632,decode,해독하다
1633,fellow,"[명] 친구, 동료
[형] 동료의"
1634,mandate,"[명] 권한, 명령
[동] 권한을 부여하다, 명령하다"
1635,perish,"[동] 소멸하다, 죽다"
1636,inseparable,떼어낼 수 없는
1637,domain,"[명] 영역, 도메인"
1638,statesman,[명] 정치인
1639,connotation,"[명] 함축, 내포"
1640,stereotype,"[명] 인습, 고정관념"
1641,hollow,[형] 속이 빈
1642,structural,"[형] 구조상의, 구조적인"
1643,mortgage,[명] 담보[동] 저당잡히다
1644,inject,"[동] 주사하다, 주입하다"
1645,crisis,[명] 위기
1646,latter,"[형] 나중의, 후자의[명] (둘 중에서) 후자"
1647,illuminate,[동] 계몽하다
1648,mimic,[동] 흉내내다
1649,unearth,[동] 발굴하다
1650,wail,"[동] 울부짖다, 한탄하다"
1651,shudder,"[동] (공포, 추위로) 떨다[명] 떨림"
1652,stride,[동] 성큼성큼 걷다
1653,applicant,[명] 지원자
1654,disprove,반증하다
1655,distrub,방해하다
1656,hemisphere,"[명] (지구, 뇌의) 반구"
1657,recur,재발하다
1658,elastic,[형] 탄력있는[명] 고무줄
1659,counterpart,[명] 대응 하는 것
1660,stubborn,"[형] 완고한, 고집 센"
1661,suicide,[명] 자살
1662,lure,[동] 유혹하다[명] 매력
1663,underprivileged,혜택받지 못한
1664,morale,"[명] 사기, 의욕"
1665,examine,"[동] 조사하다, 검사하다"
1666,compromise,[동] 타협하다[명] 타협
1667,foremost,[형] 주요한
1668,precaution,"[명] 예방조치, 조심"
1669,torture,[명] 고문[동] 고문하다
1670,entrust,[동] 위임하다
1671,sway,"[동] 흔들다, 동요시키다"
1672,religious,"[형] 종교의, 신앙심이 깊은"
1673,obligation,"[명] 의무, 책임"
1674,pest,"[명] 해충, 유해동물"
1675,subdue,완화하다
1676,incorporate,[동] 통합하다
1677,regime,"[명] 정권, 제도"
1678,terminate,[동] 끝내다
1679,rebel,반역을 일으키다
1680,meanwhile,[부] 한편
1681,folklore,[명] 민속
1682,vast,[형] 방대한
1683,preliminary,"[형] 예비의, 준비의[명] 예비 단계, 예선"
1684,theft,[명] 절도
1685,painkiller,진통제
1686,amend,[동] 수정하다
1687,recess,"[명] 휴식, 휴업"
1688,exploit,[동] 이용하다
1689,autonomy,"[명] 자율, 자치"
1690,outfit,[명] 복장과 장비
1691,mourn,[동] 애도하다
1692,evoke,[동] 이끌어내다
1693,burden,[명] 부담[동] ~에게 부담을 지우다
1694,latitude,[명] 위도
1695,patch,"[명] 조각, 작은 땅[동] 덧대다, 때우다"
1696,maternal,[형] 모성의
1697,pharmacy,"[명] 약국, 약학"
1698,marine,"[형] 바다의, 해양의"
1699,prestigious,[형] 명성이 있는
1700,friction,"[명] 마찰, 충돌"
1701,defend,[동] 방어하다
1702,fraud,"[명] 사기, 사기꾼"
1703,easygoing,태평스러운
1704,insomnia,불면증
1705,intermediate,"[형] 중급의, 중간의[명] 중급자"
1706,transport,[동] 수송하다[명] 수송
1707,paradigm,"[명] 패러다임, 사고체계"
1708,charge,"[명] 요금, 책임[동] (요금을) 청구하다"
1709,rapid,[형] 빠른
1710,premature,[형] 조산한
1711,pollute,[동] 오염시키다
1712,altruism,이타주의
1713,fiber,[명] 섬유질
1714,irony,"[명] 아이러니, 비꼼, 반어법"
1715,spectator,"[명] 관중, 구경꾼"
1716,medieval,[형] 중세의
1717,analogy,[명] 유사성
1718,snatch,[동] 잡아채다
1719,anthropology,[명] 인류학
1720,outline,[명] 간략히 기술하다
1721,slogan,"[명] 슬로건, 선전 문구"
1722,composure,"[명] 침착, 평정"
1723,incurable,"[형] 불치의, 구제 불능의
[명] 불치 환자"
1724,parallel,"[형] 평행의, 유사한
[명] 평행선
[동] 유사하다"
1725,indulge,[동] 탐닉하다.충족시키다
1726,meadow,"[명] 목초지, 초원"
1727,venture,"[동] 모험하다
[명] 모험"
1728,deflect,"[동] 빗나가다, 빗나가게 하다, 막다"
1729,adorable,"[형] 귀여운, 사랑스러운"
1730,complacent,"[형] (스스로) 만족해하는, 현실에 안주하는"
1731,explicit,"[형] 명백한, 분명한"
1732,sturdy,"[형] 견고한, 튼튼한"
1733,primate,[명] 영장류
1734,patron,"[명] 후원자, 단골 손님"
1735,endure,"[동] 참다, 인내하다, 견디다"
1736,manifest,"[동] 명백하게 하다, 증명하다
[형] 명백한"
1737,imperial,"[형] 제국의, 황제의"
1738,duration,"[명] 지속, 지속 기간"
1739,populate,[동] 거주시키다
1740,frugal,"[형] 검소한, 절약하는"
1741,registration,"[명] 기재, 등록"
1742,rejoice,[동] 크게 기뻐하다
1743,comprise,"[동] 포함하다, 구성하다"
1744,textile,"[형] 직물의, 방직의
[명] 직물"
1745,lurk,"[동] 숨다, 잠복하다"
1746,humanity,"[명] 인류, 인간성, 인간애"
1747,approximate,"[동] (수량 등이) ~에 가까워지다
[형] 대략의"
1748,revenge,"[명] 복수
[동] 복수하다"
1749,sarcastic,"[형] 비꼬는, 풍자적인"
1750,terrain,"[명] 지형, 지역, 분야, 범위"
1751,toll,"[명] 사용세, 통행료, 종소리
[동] 요금으로 징수하다"
1752,warfare,"[명] 전쟁, 전투, 교전 상태"
1753,mortal,"[형] 죽을 운명의, 치명적인
[명] 인간"
1754,spouse,[명] 배우자
1755,crispy,"[형] 바삭바삭한, 부서지기 쉬운"
1756,statistical,"[형] 통계적인, 통계상의"
1757,rubbish,"[명] 쓰레기, 폐기물
[동] 혹평하다"
1758,stimulus,"[명] 자극, 격려"
1759,clumsy,"[형] 서투른, 어색한"
1760,subsequent,"[형] 다음의, 그 이후의"
1761,relevant,"[형] 관련된, 적절한"
1762,predator,"[명] 포식자, 약탈자, 육식 동물"
1763,drain,"[동] 물을 빼내다, 소모시키다
[명] 배수관"
1764,countless,"[형] 셀 수 없는, 무수한"
1765,condense,"[동] 농축하다, 요약하다"
1766,post,"[동] (벽 따위에) 붙이다, 우편"
1767,poise,"[동] 균형을 잡다
[명] 균형, 평정"
1768,disciple,"[명] 제자, 문하생"
1769,gust,"[명] 돌풍, 질풍"
1770,collective,"[형] 집합적인, 집단적인
[명] 집단"
1771,scope,"[명] (관찰, 활동의) 범위, 시야
[동] 조사하다"
1772,compatible,"[형] 양립할 수 있는, 모순이 없는"
1773,border,"[명] 경계, 가장자리, 국경
[동] 인접하다"
1774,frontier,"[명] 국경
[형] 국경의, 최첨단의"
1775,withhold,"[동] 억누르다, 억제하다, 보류하다"
1776,verdict,"[명] 판결, 결정"
1777,stall,"[명] 마구간, 우리
[동] 핑계를 대다"
1778,apparatus,"[명] 장치, 기구, 조직"
1779,hail,"[명] 우박, 싸락눈
[동] 우박이 내리다"
1780,outburst,"[명] 폭발, 분출"
1781,vanity,"[명] 허영심, 허무함"
1782,firsthand,"[형] 직접의
[부] 직접, 바로"
1783,obesity,"[명] 비만, 비대"
1784,dilemma,"[명] 진퇴양난, 딜레마, 궁지"
1785,render,"[동] ~이 되게 하다, 주다, 제공하다"
1786,indispensable,"[형] 필수 불가결한
[명] 없어서는 안 될 것"
1787,outdated,"[형] 구식의, 시대에 뒤진"
1788,bother,"[동] 일부러~ 하다, 괴롭히다"
1789,counteract,"[동] (효력을) 중화시키다, 약화시키다"
1790,static,"[형] 정적인, 고정된"
1791,sustain,"[동] 유지하다, 지탱하다"
1792,posture,"[명] 자세, 태도"
1793,discourse,"[명] 담화, 강연"
1794,bribe,"[명] 뇌물
[동] 뇌물을 주다"
1795,retention,"[명] 보유, 기억력"
1796,valiant,"[형] 용감한, 용맹스런"
1797,distress,"[명] 고민, 고통
[동] ~을 괴롭히다"
1798,nursery,"[명] 육아실, 탁아소"
1799,juggle,"[동] 잘 처리하다, 저글링하다"
1800,perspiration,"[명] 땀, 노력"
1801,encircle,"[동] 에워싸다, 둘러싸다"
1802,notion,"[명] 개념, 의견"
1803,disgust,"[명] 혐오감
[동] 역겹게 하다"
1804,fragment,"[명] 일부분, 부서진 조각
[동] 산산이 부서지다"
1805,oversee,"[동] 감독하다, 감시하다"
1806,creep,"[동] 기다, (덩굴 등이) 얽히다
[명] 포복, 서행"
1807,clarify,[동] 명백히 하다
1808,contagious,"[형] 전염성의, 감염성의"
1809,deterioration,"[명] 악화, (가치의) 하락, 저하"
1810,currency,"[명] 통화, 통용"
1811,janitor,"[명] 문지기, 관리인, (건물) 경비원"
1812,blush,"[동] 얼굴을 붉히다, 부끄러워 하다"
1813,intervene,"[동] 끼어들다, 개입하다, 방해하다"
1814,nomad,"[명] 유목민, 방랑자"
1815,cuisine,"[명] 요리, 요리법"
1816,dare,[동] 감히 ~하다
1817,solvent,"[형] 용해력이 있는, 지불 능력이 있는
[명] 용제, 용액"
1818,cultivate,"[동] 경작하다, 양성하다, 계발하다"
1819,ascent,"[명] 상승, 오름"
1820,advocate,"[명] 옹호자, 지지자
[동] 지지하다"
1821,spur,"[명] 자극, 고무
[동] ~을 자극하다, (말에) 박차를 가하다"
1822,discern,"[동] 식별하다, 분별하다, ~을 인식하다"
1823,scheme,"[명] 계획, 체계
[동] 계획하다"
1824,weigh,[동]  무게를 달다
1825,publicity,"[명] 널리 알려짐, 명성, 광고, 선전"
1826,declare,"[동] 선언하다, (세관에) 신고하다"
1827,brisk,"[형] 활발한, 번창하는, 상쾌한"
1828,exile,"[명] 망명, 망명자
[동] 망명시키다"
1829,whisper,"[동] 속삭이다
[명] 속삭임"
1830,fling,"[동] 내던지다, 돌진하다"
1831,deviation,"[명] 변경, 일탈"
1832,dissolve,"[동] 용해하다, 해산하다, 해소하다"
1833,constraint,"[명] 강제, 압박, 제약"
1834,itch,"[동] 가려움, 가렵다, (~하고 싶어) 못 견디다"
1835,unanimous,"[형] 만장일치의, 합의의"
1836,delude,"[동] 속이다, 착각하게 하다"
1837,dehydrate,"[동] 탈수하다, 건조시키다"
1838,underneath,"[전] ~의 아래에, 밑에"
1839,metabolism,"[명] 물질대사, 신진대사"
1840,appoint,"[동] 임명[지명]하다, (시간, 장소를) 정하다"
1841,pinch,"[동] 꼬집다, 집다, 죄다"
1842,punctual,[형] 시간을 지키는
1843,arbitrary,"[형] 임의적인, 독단적인"
1844,catastrophe,"[명] 대참사, 재앙"
1845,exert,"[동] (힘, 영향력을) 가하다, 발휘하다"
1846,aviate,"[동] 조종하다, 비행하다"
1847,headquarters,"[명] 본사, 본부"
1848,rectangular,"[형] 직사각형의, 직각의"
1849,deledate,"[동] 파견하다
[명] 사절, 대표"
1850,elect,[동] 선출하다
1851,thorn,[명] 가시
1852,empathize,[동] 공감하다
1853,expertise,[명] 전문 지식
1854,renovate,"[동] ~을 새것으로 만들다, 수리하다"
1855,wrench,"[동] 비틀다, 삐다 
[명] 렌치, 쓰라림"
1856,interval,"[명] 간격, 사이"
1857,degrade,"[동] 저하시키다, 비하하다, 분해하다"
1858,report,"[명] 보고서, 말대꾸
[동] 보고하다, 발표하다"
1859,asthma,[명] 천식
1860,realm,"[명] 영역, 왕국"
1861,segment,"[명] 부분, 조각"
1862,coexist,[동] 공존하다
1863,hospitality,"[명] 환대, 후한 대접"
1864,estate,"[명] 재산, 토지"
1865,displace,"[동] 옮겨 놓다, 대체하다"
1866,cripple,"[명] 불구자, 지체 부자유자
[동] ~을 불구로 만들다, 손상시키다"
1867,drawback,"[명] 문제점, 결점, 장애"
1868,tactics,"[명] 방안, 전술"
1869,dread,"[동] 두려워하다, 무서워하다
[명] 두려움, 공포"
1870,dispute,"[동] 논쟁하다, 토의하다
[명] 논쟁, 분쟁"
1871,console,[동] 위로하다
1872,stack,"[명] 더미, 산더미
[동] 쌓아 올리다"
1873,cynical,"[형] 냉소적인, 비관적인"
1874,reprove,"[동] 꾸짖다, 책망하다"
1875,verify,[동] 입증하다
1876,engross,[동] 열중하게 하다
1877,bulk,"[명] 크기, 부피, 대부분
[동] 부피가 커지다, 덩어리가 되다"
1878,despise,[동] 경멸하다
1879,manuscript,"[명] 원고, 필사본"
1880,flee,[동] 달아나다
1881,prehistoric,[형] 선사시대의
1882,barrel,"[명] 통, 배럴"
1883,predecessor,"[명] 이전 형태, 전임자"
1884,alienate,"[동] 소외시키다, 멀리하다"
1885,preclaim,"[동] 선언하다, 선포하다"
1886,subordinate,"[형] 하위의, 부차적인[명] 하급자[동] 하위에 두다"
1887,furnish,"[동] (가구를) 비치하다, 제공하다, 갖추다"
1888,fume,"[동] 씩씩대다, 연기를 내뿜다[명] 연기"
1889,staple,"[형] 주된, 주요한[명] 주성분"
1890,dimension,"[명] 크기, 측면, 치수, 차원"
1891,dispersal,"[명] 분산, 확산"
1892,eloquent,"[형] 웅변의, 달변의, 연설을 잘 하는, 표현이 풍부한"
1893,innermost,[형] 가장 깊숙한[명] 가장 깊은 부분
1894,hazardous,"[형] 위험한, 해로운"
1895,skull,[명] 두개골
1896,detergent,[명] 세제
1897,brutal,"[형] 야만적인, 잔혹한"
1898,rash,"[명] 반점, 발진[형] 경솔한"
1899,bypass,[명] 우회로[동] 우회하다
1900,accommodate,"[동] 수용하다, 적응하다"
1901,tact,"[명] 재치, 기지"
1902,monotonous,"[형] 단조로운, 지루한"
1903,perpetual,"[형] 영원한, 끊임없는"
1904,eligible,"[형] ~을 할 수 있는, 유능한, 자격의, 자격이 있는"
1905,legacy,"[명] 유물, 유산"
1906,melancholy,[형] 우울한[명] 우울함
1907,simplicity,"[명] 단순함, 간단"
1908,hierarchy,"[명] 계층, 계급, 지배층, 체계"
1909,reside,[동] 거주하다
1910,enact,"[동] 제정하다, 상영하다"
1911,burnout,"[명] 극도의 피로, 쇠진"
1912,legitimate,"[형] 타당한, 합법적인, 정당한"
1913,shuffle,"[동] 발을 끌며 걷다, 뒤섞다"
1914,summarize,[동] 요약하다
1915,eject,"[동] 쫓아내다, 튀어나오게 하다"
1916,intersection,"[명] 교차로, 교차함"
1917,quest,"[명] 탐색, 탐구, 추구, 찾음"
1918,linear,"[형] 직선의, 길이의"
1919,landslide,"[명] 산사태, (선거에서) 압도적 승리"
1920,plausible,"[형] 그럴듯한, 이치에 맞는"
1921,endow,"[동] 기부하다, ~에게 부여하다"
1922,extrinsic,"[형] 외적인, 외부의"
1923,merge,"[동] 합병하다, 차차 변하다"
1924,frantic,"[형] 광란의, 미친"
1925,moan,"[명] 신음, 투덜거림
[동] 신음하다, 불평하다"
1926,merchandise,"[명] (집학적) 상품
[동] 거래하다"
1927,respectively,"[부] 각각, 저마다"
1928,yearn,"[동] 그리워하다, 열망하다"
1929,conviction,"[명] 확신, 유죄 판결"
1930,stout,"[형] 뚱뚱한, (옷 등이) 튼튼한"
1931,reckon,"[동] 세다, 계산하다, 생각하다"
1932,enchant,"[동] 매혹하다, ~에게 마법을 걸다"
1933,entail,"[동] 수반하다, 의미하다, 필요로 하다"
1934,demolish,"[동] 파괴하다, 폐지하다"
1935,degenerate,"[동] 퇴보하다, 타락하다"
1936,sentiment,"[명] 감상, 정서"
1937,offspring,"[명] 자식, 새끼, 성과"
1938,detest,"[동] 혐오하다, 미워하다"
1939,tackle,"[동] (일, 문제를) 다루다, 처리하다
[명] 도구, (축구의) 태클"
1940,defy,"[동] 물리치다, (공공연히) 무시하다, 반항하다"
1941,inference,[명] 추론
1942,refraction,"[명] (빛, 소리 따위의) 굴절"
1943,dusk,"[명] 땅거미, 어스름"
1944,detach,"[동] 떼어내다, 분리하다"
1945,antagonist,"[명] 적대자, 라이벌"
1946,thrust,"[동] 밀다, 밀치다, 찌르다"
1947,creed,"[명] 신념, (종교의) 교의"
1948,equate,"[동] 동일시하다, 일치하다"
1949,misplace,[동] 잘못두다
1950,auditory,"[형] 귀의, 청각의, 음향의"
1951,missionary,[명] 선교사
1952,cosmopolitan,"[형] 세계적인, 세계주의의
[명] 세계인, 국제인"
1953,secondhand,"[형] 중고의, 간접적인"
1954,multiple,"[형] 복합적인, 다수의, 다양한
[명] (수학) 배수"
1955,embed,"[동] 깊숙이 박다, 깊이 간직하다, 내재하다"
1956,propel,"[동] 나아가게 하다, 추진하다"
1957,reptile,[명] 파충류
1958,erosion,"[명] 부식, 침식"
1959,feat,"[명] 위업, 공적, 솜씨"
1960,utensil,"[명] 가정용품, 기구, 도구"
1961,penetrate,"[동] 관통하다, 꿰뚫다, 침투하다"
1962,intrude,"[동] 침범하다, 방해하다"
1963,notable,"[형] 주목할 만한, 유명한"
1964,grumble,"[동] 불평하다, 투덜거리다
[명] 불평"
1965,landfill,[명] 쓰레기 매립지
1966,scrutiny,"[명] (정밀) 조사, 철저한 검토"
1967,reckless,"[형] 무모한, 부주의한, 신중하지 못한"
1968,synthetic,"[형] 합성의, 종합적인"
1969,productive,"[형] 생산하는, 생산적인"
1970,outset,"[명] 착수, 발단, 시작, 처음"
1971,peril,[명] 위험
1972,pitfall,"[명] 위험, 함정"
1973,kidnap,"[동] 납치하다
[명] 유괴"
1974,liable,"[형] 책임이 있는, ~하기 쉬운"
1975,insane,"[형] 정신 이상의, 미친, 비상식적인"
1976,rage,"[명] 격노
[동] 격노하다"
1977,radius,[명] 반지름
1978,hybrid,"[명] 잡종, 혼합물"
1979,uncover,"[동] 폭로하다, 덮개를 벗기다"
1980,limb,"[명] 사지, 팔다리, 나뭇가지"
1981,setback,"[명] 좌절, 차질, 방해, 실패"
1982,prudent,[형] 신중한
1983,solidify,"[동] 굳어지다, 굳히다, 확고히 하다"
1984,grudge,"[명] 원한, 유감"
1985,lessen,[동] 줄이다
1986,tangle,"[동] 얽히게 하다, 혼란시키다"
1987,subsidy,"[명] 보조금, 장려금"
1988,ambiguous,"[형] 애매모호한, 불명확한"
1989,enthusiasm,"[명] 열광, 열정, 열광하는 대상"
1990,bankruptcy,[명] 파산
1991,pollination,[명] 수분
1992,prosper,"[동] 번영하다, 번창하다"
1993,phase,[명] 단계
1994,veterinarian,[명] 수의사
1995,counterattack,"[명] 반격, 연습
[동] 반격하다, 역습하다"
1996,cumulative,[형] 누적되는
1997,infrastructure,"[명] (사회) 기반 시설, 하부 조직"
1998,wound,"[동] 상처를 입히다, 부상하게 하다
[명] 부상, 상처"
1999,discrete,[형] 별개의
2000,fluctuation,"[명] 변동, 동요"